Workbook
Name _Toc413163689: Deckblatt!#REF!
Name Bereich_1: IZDM!$E$5:$E$404
Name Grundfläche: IZDM!$G$5:$G$404
Name Grundfläche_AOZ: #REF!
Name Grundfläche_AOZ: #REF!
Name Grundfläche_SHK: #REF!
Name Grundfläche_SHK: #REF!
Name Grundfläche_WH: #REF!
Name Grundfläche_WH: #REF!
Name Monatsfläche_AOZ_GESAMT: #REF!
Name Monatsfläche_AOZ_GESAMT: #REF!
Name Monatsfläche_AOZ_Werktag: #REF!
Name Monatsfläche_AOZ_Werktag: #REF!
Name Monatsfläche_SHK_GESAMT: #REF!
Name Monatsfläche_SHK_GESAMT: #REF!
Name Monatsfläche_SHK_Sonntag: #REF!
Name Monatsfläche_SHK_Sonntag: #REF!
Name Monatsfläche_SHK_Werktag: #REF!
Name Monatsfläche_SHK_Werktag: #REF!
Name Monatsfläche_VEH_Gesamt: IZDM!$Z$5:$Z$404
Name Monatsfläche_VEH_Sonntag: IZDM!$U$5:$U$404
Name Monatsfläche_VEH_Werktag: IZDM!$O$5:$O$404
Name Monatsfläche_WH_GESAMT: #REF!
Name Monatsfläche_WH_GESAMT: #REF!
Name Monatsfläche_WH_Werktag: #REF!
Name Monatsfläche_WH_Werktag: #REF!
Name Monatspreis_AOZ_GESAMT: #REF!
Name Monatspreis_AOZ_GESAMT: #REF!
Name Monatspreis_AOZ_Werktag: #REF!
Name Monatspreis_AOZ_Werktag: #REF!
Name Monatspreis_SHK_GESAMT: #REF!
Name Monatspreis_SHK_GESAMT: #REF!
Name Monatspreis_SHK_Sonntag: #REF!
Name Monatspreis_SHK_Sonntag: #REF!
Name Monatspreis_SHK_Werktag: #REF!
Name Monatspreis_SHK_Werktag: #REF!
Name Monatspreis_VEH_Gesamt: IZDM!$AB$5:$AB$404
Name Monatspreis_VEH_Sonntag: IZDM!$Y$5:$Y$404
Name Monatspreis_VEH_Werktags: IZDM!$S$5:$S$404
Name Monatspreis_WH_GESAMT: #REF!
Name Monatspreis_WH_GESAMT: #REF!
Name Monatspreis_WH_Werktag: #REF!
Name Monatspreis_WH_Werktag: #REF!
Name Monatsstunden_AOZ_GESAMT: #REF!
Name Monatsstunden_AOZ_GESAMT: #REF!
Name Monatsstunden_AOZ_Werktag: #REF!
Name Monatsstunden_AOZ_Werktag: #REF!
Name Monatsstunden_SHK_GESAMT: #REF!
Name Monatsstunden_SHK_GESAMT: #REF!
Name Monatsstunden_SHK_Sonntag: #REF!
Name Monatsstunden_SHK_Sonntag: #REF!
Name Monatsstunden_SHK_Werktag: #REF!
Name Monatsstunden_SHK_Werktag: #REF!
Name Monatsstunden_Sonntag: IZDM!$X$5:$X$404
Name Monatsstunden_VEH_GESAMT: IZDM!$AA$5:$AA$404
Name Monatsstunden_VEH_Werktag: IZDM!$R$5:$R$404
Name Monatsstunden_WH_GESAMT: #REF!
Name Monatsstunden_WH_GESAMT: #REF!
Name Monatsstunden_WH_Werktag: #REF!
Name Monatsstunden_WH_Werktag: #REF!

Sheet Deckblatt
A1: Anlage 1 Angebotspreis V2
A2: Vergabeunterlagen zur Ausschreibung: Ausschreibung zur Vergabe der Unterhaltsreinigung des Gebäudes "Innovationszentrum Digitale Medizin + Bildungsakademie (IZDM)" für das Universitätsklinikum Aachen -Anstalt des öffentlichen Rechts
A4: Unter den nachfolgenden Reitern finden Sie die auszufüllenden preisrelevanten Anlagen für die Ausschreibung zur Vergabe der Unterhaltsreinigung für das Universitätsklinikum Aachen.
A6: Allgemeine Informationen des Anbieters
A8: Bitte füllen Sie die nachfolgenden Felder aus.
A10: Firma
A12: Ansprechpartner
A14: Anschrift
A16: Email
A18: Telefon
A20: Angebotsdatum
A100: UKA2024

Sheet Angebotszusammenstellung
B1: Angebotszusammenstellung
B2: Übersicht Unterhaltsreinigung
B4: Objekt / Bereich | D4: Montag - Samstag | E4: Bemerkungen | F4: Netto ab 01.10.2025 | G4: Brutto ab 01.10.2025
B6: 1 | C6: Unterhaltsreinigung
B7: 1.1 | C7: =IZDM!A1 -> Raumbuch inkl. Kalkulation "Gebäude IZDM" Stand 10.04.2025 | D7: =CONCATENATE("Monatsfläche ",ROUND(IZDM!Z4,2)," m²") -> Monatsfläche 122075,38 m² | E7: ohne Feiertage | F7: =IZDM!AB4 -> #DIV/0! | G7: =F7*1.19 -> #DIV/0!
B8: 1.2 | C8: Transportzeiten für Feuchtwischbezüge 2 x wöchentlich | D8: =0.5*'R_Häufigkeit_Faktoren UHR'!H5 -> 4.3452381 | E8: ohne Feiertage | F8: 0 | G8: =F8*1.19 -> 0
B9: 2 | C9: Vorarbeiter/-In
B10: 2.1 | C10: Vorarbeiter/-In | D10: 2 | E10: Pauschaler Betrag für die Vorarbeiter/-In | F10: 0 | G10: =F10*1.19 -> 0
C11: Summe Unterhaltsreinigung pro Monat | F11: =SUM(F7:F10) -> #DIV/0! | G11: =SUM(G7:G10) -> #DIV/0!
C12: Summe Unterhaltsreinigung pro Jahr | F12: =F11*12 -> #DIV/0! | G12: =G11*12 -> #DIV/0!
C13: Gesamtvergabevolumen (Lfz. 5 Jahre; 3 + 2x Option) | F13: =F12*5 -> #DIV/0! | G13: =G12*5 -> #DIV/0!
B15: bearbeitbare Felder
B18: Übersicht Stundenverrechnungssätze | F18: Montag - Samstag
F19: Netto | G19: Brutto
B20: 3 | C20: Stundenverrechnungssatz für Einzelbeauftragungen: | F20: 0 | G20: =F20*1.19 -> 0
C24: =Deckblatt!$B$20 -> 0
C26: Datum

Sheet UKA_Aussengebäude_Übersicht
B2: Übersicht der Einzelraumbücher
F3: Werktag | I3: Sonntag | L3: GESAMT
B4: Los 1 | D4: Fläche Gesamt [m²] | E4: Vergabe-fläche [m²] | F4: Monatsfläche [m²] | G4: Monatsstunden [Std.] | H4: Preis/Monat [EUR] | I4: Monats-fläche [m²] | J4: Monats-stunden [Std.] | K4: Preis/Monat [EUR] | L4: Monatsfläche GESAMT [m²] | M4: Monats-stunden [Std.] | N4: Monats-preis [EUR] | O4: Leistungswert je m² | P4: Wert je m² | Q4: Wert je Std.
B6: UKA Aussengebäude | C6: GESAMT | D6: =SUM(D7:D13) -> 12520.11 | E6: =SUM(E7:E13) -> 8439.71 | F6: =SUM(F7:F13) -> 121842.25 | G6: =SUM(G7:G13) -> #DIV/0! | H6: =SUM(H7:H13) -> #DIV/0! | I6: =SUM(I7:I13) -> 233.13333 | J6: =SUM(J7:J13) -> #DIV/0! | K6: =SUM(K7:K13) -> #DIV/0! | ... N6: =SUM(N7:N13) -> #DIV/0! | O6: =L6/M6 -> #DIV/0! | P6: =N6/L6 -> #DIV/0! | Q6: =N6/M6 -> #DIV/0!
C7: Gebäude 1 Lehr- und Weiterbildungsgebäude Bio-Medizintechnik | D7: =IZDM!G4 -> 12520.11 | E7: =IZDM!L4 -> 8439.71 | F7: =IZDM!O4 -> 121842.25 | G7: =IZDM!R4 -> #DIV/0! | H7: =IZDM!S4 -> #DIV/0! | I7: =IZDM!U4 -> 233.13333 | J7: =IZDM!X4 -> #DIV/0! | K7: =IZDM!Y4 -> #DIV/0! | L7: =IZDM!Z4 -> 122075.38 | M7: =IZDM!AA4 -> #DIV/0! | N7: =IZDM!AB4 -> #DIV/0! | O7: =L7/M7 -> #DIV/0! | P7: =N7/L7 -> #DIV/0! | Q7: =N7/M7 -> #DIV/0!
C15: =Deckblatt!$B$20 -> 0
C17: Datum | E17: =Deckblatt!$B$10 -> 0
E18: =Deckblatt!$B$12 -> 0

Sheet IZDM
A1: Raumbuch inkl. Kalkulation "Gebäude IZDM" Stand 10.04.2025
N2: Montag - Samstag | T2: Sonntags / Feiertags | Z2: GESAMT
A3: Lfd. Nr. | B3: Gebäude | C3: Etage | D3: Bereich | E3: Flur | F3: Raum-Nr. | G3: Fläche [m²] | H3: Bezeichnung | I3: Belag | J3: RG | K3: RA | L3: Vergabe-fläche | M3: TU | N3: Inter-vall | O3: Monats-fläche [m²] | P3: SVS [EUR] | Q3: Leistung [m²/Std.] | R3: Monats-stunden [Std.] | S3: Preis/Monat [EUR] | T3: Inter-vall | U3: Monats-fläche [m²] | V3: SVS [EUR] | W3: Leistung [m²/Std.] | X3: Monats-stunden [Std.] | Y3: Preis/Monat [EUR] | Z3: Monatsfläche Gesamt | AA3: Monats-stunden [Std.] | AB3: Monats-preis [EUR] | AC3: Bemerkung
G4: =SUBTOTAL(9,G5:G404) -> 12520.11 | L4: =SUBTOTAL(9,L5:L404) -> 8439.71 | O4: =SUBTOTAL(9,O5:O404) -> 121842.25 | R4: =SUBTOTAL(9,R5:R404) -> #DIV/0! | S4: =SUBTOTAL(9,S5:S404) -> #DIV/0! | U4: =SUBTOTAL(9,U5:U404) -> 233.13333 | X4: =SUBTOTAL(9,X5:X404) -> #DIV/0! | Y4: =SUBTOTAL(9,Y5:Y404) -> #DIV/0! | Z4: =SUBTOTAL(9,Z5:Z404) -> 122075.38 | AA4: =SUBTOTAL(9,AA5:AA404) -> #DIV/0! | AB4: =SUBTOTAL(9,AB5:AB404) -> #DIV/0! | AC4: =Z4/AA4 -> #DIV/0!
A5: 1 | B5: Untergeschoss | C5: -2 | D5: Alle | F5: 01 | G5: 69.6 | H5: Fahrräder | I5: Beschichtung | J5: K | K5: V | L5: =IF(K5="NV","",G5) -> 69.6 | M5: M1 | N5: =IF(K5="NV","",IF(VLOOKUP(M5,'R_Häufigkeit_Faktoren UHR'!$B$4:$I$24,7,FALSE)=0,"",VLOOKUP(M5,'R_Häufigkeit_Faktoren UHR'!$B$4:$I$24,7,FALSE))) -> 1 | O5: =IF(N5="","",N5*L5) -> 69.6 | Q5: =IF(N5="","",VLOOKUP(J5,Raumgruppen_Leistungswerte!$B$5:$F$35,5,FALSE)) -> 0 | R5: =IF(N5="","",L5/Q5*N5) -> #DIV/0! | S5: =IF(K5="NV","",R5*P5) -> #DIV/0! | T5: =IF(K5="NV","",IF(VLOOKUP(M5,'R_Häufigkeit_Faktoren UHR'!$B$4:$I$24,8,FALSE)=0,"",VLOOKUP(M5,'R_Häufigkeit_Faktoren UHR'!$B$4:$I$24,8,FALSE))) | U5: =IF(T5="","",T5*L5) | W5: =IF(T5="","",VLOOKUP(J5,Raumgruppen_Leistungswerte!$B$5:$F$35,5,FALSE)) | X5: =IF(T5="","",L5/W5*T5) | Y5: =IF(T5="","",X5*V5) | Z5: =IF(U5="",O5,O5+U5) -> 69.6 | AA5: =IF(X5="",R5,X5+R5) -> #DIV/0! | AB5: =IF(Y5="",S5,S5+Y5) -> #DIV/0!
A6: 2 | B6: Untergeschoss | C6: -2 | D6: Alle | F6: 02 | G6: 34.7 | H6: Lager | I6: Beschichtung | J6: I1 | K6: V | L6: =IF(K6="NV","",G6) -> 34.7 | M6: 1 | N6: =IF(K6="NV","",IF(VLOOKUP(M6,'R_Häufigkeit_Faktoren UHR'!$B$4:$I$24,7,FALSE)=0,"",VLOOKUP(M6,'R_Häufigkeit_Faktoren UHR'!$B$4:$I$24,7,FALSE))) -> 4.3452381 | O6: =IF(N6="","",N6*L6) -> 150.77976 | Q6: =IF(N6="","",VLOOKUP(J6,Raumgruppen_Leistungswerte!$B$5:$F$35,5,FALSE)) -> 0 | R6: =IF(N6="","",L6/Q6*N6) -> #DIV/0! | S6: =IF(K6="NV","",R6*P6) -> #DIV/0! | T6: =IF(K6="NV","",IF(VLOOKUP(M6,'R_Häufigkeit_Faktoren UHR'!$B$4:$I$24,8,FALSE)=0,"",VLOOKUP(M6,'R_Häufigkeit_Faktoren UHR'!$B$4:$I$24,8,FALSE))) | U6: =IF(T6="","",T6*L6) | W6: =IF(T6="","",VLOOKUP(J6,Raumgruppen_Leistungswerte!$B$5:$F$35,5,FALSE)) | X6: =IF(T6="","",L6/W6*T6) | Y6: =IF(T6="","",X6*V6) | Z6: =IF(U6="",O6,O6+U6) -> 150.77976 | AA6: =IF(X6="",R6,X6+R6) -> #DIV/0! | AB6: =IF(Y6="",S6,S6+Y6) -> #DIV/0!
A7: 3 | B7: Untergeschoss | C7: -2 | D7: Alle | F7: 03 | G7: 14.7 | H7: Vorraum | I7: Beschichtung | J7: F1-2 | K7: V | L7: =IF(K7="NV","",G7) -> 14.7 | M7: 3 | N7: =IF(K7="NV","",IF(VLOOKUP(M7,'R_Häufigkeit_Faktoren UHR'!$B$4:$I$24,7,FALSE)=0,"",VLOOKUP(M7,'R_Häufigkeit_Faktoren UHR'!$B$4:$I$24,7,FALSE))) -> 13.035714 | O7: =IF(N7="","",N7*L7) -> 191.625 | Q7: =IF(N7="","",VLOOKUP(J7,Raumgruppen_Leistungswerte!$B$5:$F$35,5,FALSE)) -> 0 | R7: =IF(N7="","",L7/Q7*N7) -> #DIV/0! | S7: =IF(K7="NV","",R7*P7) -> #DIV/0! | T7: =IF(K7="NV","",IF(VLOOKUP(M7,'R_Häufigkeit_Faktoren UHR'!$B$4:$I$24,8,FALSE)=0,"",VLOOKUP(M7,'R_Häufigkeit_Faktoren UHR'!$B$4:$I$24,8,FALSE))) | U7: =IF(T7="","",T7*L7) | W7: =IF(T7="","",VLOOKUP(J7,Raumgruppen_Leistungswerte!$B$5:$F$35,5,FALSE)) | X7: =IF(T7="","",L7/W7*T7) | Y7: =IF(T7="","",X7*V7) | Z7: =IF(U7="",O7,O7+U7) -> 191.625 | AA7: =IF(X7="",R7,X7+R7) -> #DIV/0! | AB7: =IF(Y7="",S7,S7+Y7) -> #DIV/0!
A8: 4 | B8: Untergeschoss | C8: -2 | D8: Alle | F8: 04 | G8: 53.7 | H8: Umkleide | I8: Fliesen | J8: G | K8: NV | L8: =IF(K8="NV","",G8) | N8: =IF(K8="NV","",IF(VLOOKUP(M8,'R_Häufigkeit_Faktoren UHR'!$B$4:$I$24,7,FALSE)=0,"",VLOOKUP(M8,'R_Häufigkeit_Faktoren UHR'!$B$4:$I$24,7,FALSE))) | O8: =IF(N8="","",N8*L8) | Q8: =IF(N8="","",VLOOKUP(J8,Raumgruppen_Leistungswerte!$B$5:$F$35,5,FALSE)) | R8: =IF(N8="","",L8/Q8*N8) | S8: =IF(K8="NV","",R8*P8) | T8: =IF(K8="NV","",IF(VLOOKUP(M8,'R_Häufigkeit_Faktoren UHR'!$B$4:$I$24,8,FALSE)=0,"",VLOOKUP(M8,'R_Häufigkeit_Faktoren UHR'!$B$4:$I$24,8,FALSE))) | U8: =IF(T8="","",T8*L8) | W8: =IF(T8="","",VLOOKUP(J8,Raumgruppen_Leistungswerte!$B$5:$F$35,5,FALSE)) | X8: =IF(T8="","",L8/W8*T8) | Y8: =IF(T8="","",X8*V8) | Z8: =IF(U8="",O8,O8+U8) | AA8: =IF(X8="",R8,X8+R8) | AB8: =IF(Y8="",S8,S8+Y8)
A9: 5 | B9: Untergeschoss | C9: -2 | D9: Alle | F9: 05 | G9: 264.2 | H9: Kälte + Heizung | I9: Beschichtung | J9: J | K9: NV | L9: =IF(K9="NV","",G9) | N9: =IF(K9="NV","",IF(VLOOKUP(M9,'R_Häufigkeit_Faktoren UHR'!$B$4:$I$24,7,FALSE)=0,"",VLOOKUP(M9,'R_Häufigkeit_Faktoren UHR'!$B$4:$I$24,7,FALSE))) | O9: =IF(N9="","",N9*L9) | Q9: =IF(N9="","",VLOOKUP(J9,Raumgruppen_Leistungswerte!$B$5:$F$35,5,FALSE)) | R9: =IF(N9="","",L9/Q9*N9) | S9: =IF(K9="NV","",R9*P9) | T9: =IF(K9="NV","",IF(VLOOKUP(M9,'R_Häufigkeit_Faktoren UHR'!$B$4:$I$24,8,FALSE)=0,"",VLOOKUP(M9,'R_Häufigkeit_Faktoren UHR'!$B$4:$I$24,8,FALSE))) | U9: =IF(T9="","",T9*L9) | W9: =IF(T9="","",VLOOKUP(J9,Raumgruppen_Leistungswerte!$B$5:$F$35,5,FALSE)) | X9: =IF(T9="","",L9/W9*T9) | Y9: =IF(T9="","",X9*V9) | Z9: =IF(U9="",O9,O9+U9) | AA9: =IF(X9="",R9,X9+R9) | AB9: =IF(Y9="",S9,S9+Y9)
A10: 6 | B10: Untergeschoss | C10: -2 | D10: Technik | F10: 06 | G10: 31.4 | H10: Technik | I10: Beschichtung | J10: J | K10: NV | L10: =IF(K10="NV","",G10) | N10: =IF(K10="NV","",IF(VLOOKUP(M10,'R_Häufigkeit_Faktoren UHR'!$B$4:$I$24,7,FALSE)=0,"",VLOOKUP(M10,'R_Häufigkeit_Faktoren UHR'!$B$4:$I$24,7,FALSE))) | O10: =IF(N10="","",N10*L10) | Q10: =IF(N10="","",VLOOKUP(J10,Raumgruppen_Leistungswerte!$B$5:$F$35,5,FALSE)) | R10: =IF(N10="","",L10/Q10*N10) | S10: =IF(K10="NV","",R10*P10) | T10: =IF(K10="NV","",IF(VLOOKUP(M10,'R_Häufigkeit_Faktoren UHR'!$B$4:$I$24,8,FALSE)=0,"",VLOOKUP(M10,'R_Häufigkeit_Faktoren UHR'!$B$4:$I$24,8,FALSE))) | U10: =IF(T10="","",T10*L10) | W10: =IF(T10="","",VLOOKUP(J10,Raumgruppen_Leistungswerte!$B$5:$F$35,5,FALSE)) | X10: =IF(T10="","",L10/W10*T10) | Y10: =IF(T10="","",X10*V10) | Z10: =IF(U10="",O10,O10+U10) | AA10: =IF(X10="",R10,X10+R10) | AB10: =IF(Y10="",S10,S10+Y10)
A11: 7 | B11: Untergeschoss | C11: -2 | D11: Alle | F11: 07 | G11: 41.6 | H11: Umkleide | I11: Fliesen | J11: G | K11: NV | L11: =IF(K11="NV","",G11) | N11: =IF(K11="NV","",IF(VLOOKUP(M11,'R_Häufigkeit_Faktoren UHR'!$B$4:$I$24,7,FALSE)=0,"",VLOOKUP(M11,'R_Häufigkeit_Faktoren UHR'!$B$4:$I$24,7,FALSE))) | O11: =IF(N11="","",N11*L11) | Q11: =IF(N11="","",VLOOKUP(J11,Raumgruppen_Leistungswerte!$B$5:$F$35,5,FALSE)) | R11: =IF(N11="","",L11/Q11*N11) | S11: =IF(K11="NV","",R11*P11) | T11: =IF(K11="NV","",IF(VLOOKUP(M11,'R_Häufigkeit_Faktoren UHR'!$B$4:$I$24,8,FALSE)=0,"",VLOOKUP(M11,'R_Häufigkeit_Faktoren UHR'!$B$4:$I$24,8,FALSE))) | U11: =IF(T11="","",T11*L11) | W11: =IF(T11="","",VLOOKUP(J11,Raumgruppen_Leistungswerte!$B$5:$F$35,5,FALSE)) | X11: =IF(T11="","",L11/W11*T11) | Y11: =IF(T11="","",X11*V11) | Z11: =IF(U11="",O11,O11+U11) | AA11: =IF(X11="",R11,X11+R11) | AB11: =IF(Y11="",S11,S11+Y11)
A12: 8 | B12: Untergeschoss | C12: -2 | D12: Technik | F12: 08 | G12: 14.2 | H12: Technik ELT | I12: Beschichtung | J12: J | K12: NV | L12: =IF(K12="NV","",G12) | N12: =IF(K12="NV","",IF(VLOOKUP(M12,'R_Häufigkeit_Faktoren UHR'!$B$4:$I$24,7,FALSE)=0,"",VLOOKUP(M12,'R_Häufigkeit_Faktoren UHR'!$B$4:$I$24,7,FALSE))) | O12: =IF(N12="","",N12*L12) | Q12: =IF(N12="","",VLOOKUP(J12,Raumgruppen_Leistungswerte!$B$5:$F$35,5,FALSE)) | R12: =IF(N12="","",L12/Q12*N12) | S12: =IF(K12="NV","",R12*P12) | T12: =IF(K12="NV","",IF(VLOOKUP(M12,'R_Häufigkeit_Faktoren UHR'!$B$4:$I$24,8,FALSE)=0,"",VLOOKUP(M12,'R_Häufigkeit_Faktoren UHR'!$B$4:$I$24,8,FALSE))) | U12: =IF(T12="","",T12*L12) | W12: =IF(T12="","",VLOOKUP(J12,Raumgruppen_Leistungswerte!$B$5:$F$35,5,FALSE)) | X12: =IF(T12="","",L12/W12*T12) | Y12: =IF(T12="","",X12*V12) | Z12: =IF(U12="",O12,O12+U12) | AA12: =IF(X12="",R12,X12+R12) | AB12: =IF(Y12="",S12,S12+Y12)
A13: 9 | B13: Untergeschoss | C13: -2 | D13: Technik | F13: 09 | G13: 213.9 | H13: Technik Sprinklerzentrale | I13: Beschichtung | J13: J | K13: NV | L13: =IF(K13="NV","",G13) | N13: =IF(K13="NV","",IF(VLOOKUP(M13,'R_Häufigkeit_Faktoren UHR'!$B$4:$I$24,7,FALSE)=0,"",VLOOKUP(M13,'R_Häufigkeit_Faktoren UHR'!$B$4:$I$24,7,FALSE))) | O13: =IF(N13="","",N13*L13) | Q13: =IF(N13="","",VLOOKUP(J13,Raumgruppen_Leistungswerte!$B$5:$F$35,5,FALSE)) | R13: =IF(N13="","",L13/Q13*N13) | S13: =IF(K13="NV","",R13*P13) | T13: =IF(K13="NV","",IF(VLOOKUP(M13,'R_Häufigkeit_Faktoren UHR'!$B$4:$I$24,8,FALSE)=0,"",VLOOKUP(M13,'R_Häufigkeit_Faktoren UHR'!$B$4:$I$24,8,FALSE))) | U13: =IF(T13="","",T13*L13) | W13: =IF(T13="","",VLOOKUP(J13,Raumgruppen_Leistungswerte!$B$5:$F$35,5,FALSE)) | X13: =IF(T13="","",L13/W13*T13) | Y13: =IF(T13="","",X13*V13) | Z13: =IF(U13="",O13,O13+U13) | AA13: =IF(X13="",R13,X13+R13) | AB13: =IF(Y13="",S13,S13+Y13)
A14: 10 | B14: Untergeschoss | C14: -2 | D14: Technik | F14: 10 | G14: 58.1 | H14: Sprinklertank | I14: Beschichtung | J14: J | K14: NV | L14: =IF(K14="NV","",G14) | N14: =IF(K14="NV","",IF(VLOOKUP(M14,'R_Häufigkeit_Faktoren UHR'!$B$4:$I$24,7,FALSE)=0,"",VLOOKUP(M14,'R_Häufigkeit_Faktoren UHR'!$B$4:$I$24,7,FALSE))) | O14: =IF(N14="","",N14*L14) | Q14: =IF(N14="","",VLOOKUP(J14,Raumgruppen_Leistungswerte!$B$5:$F$35,5,FALSE)) | R14: =IF(N14="","",L14/Q14*N14) | S14: =IF(K14="NV","",R14*P14) | T14: =IF(K14="NV","",IF(VLOOKUP(M14,'R_Häufigkeit_Faktoren UHR'!$B$4:$I$24,8,FALSE)=0,"",VLOOKUP(M14,'R_Häufigkeit_Faktoren UHR'!$B$4:$I$24,8,FALSE))) | U14: =IF(T14="","",T14*L14) | W14: =IF(T14="","",VLOOKUP(J14,Raumgruppen_Leistungswerte!$B$5:$F$35,5,FALSE)) | X14: =IF(T14="","",L14/W14*T14) | Y14: =IF(T14="","",X14*V14) | Z14: =IF(U14="",O14,O14+U14) | AA14: =IF(X14="",R14,X14+R14) | AB14: =IF(Y14="",S14,S14+Y14)
A15: 11 | B15: Untergeschoss | C15: -2 | D15: Alle | F15: 11 | G15: 6.4 | H15: Druckseite | I15: Beschichtung | J15: J | K15: NV | L15: =IF(K15="NV","",G15) | N15: =IF(K15="NV","",IF(VLOOKUP(M15,'R_Häufigkeit_Faktoren UHR'!$B$4:$I$24,7,FALSE)=0,"",VLOOKUP(M15,'R_Häufigkeit_Faktoren UHR'!$B$4:$I$24,7,FALSE))) | O15: =IF(N15="","",N15*L15) | Q15: =IF(N15="","",VLOOKUP(J15,Raumgruppen_Leistungswerte!$B$5:$F$35,5,FALSE)) | R15: =IF(N15="","",L15/Q15*N15) | S15: =IF(K15="NV","",R15*P15) | T15: =IF(K15="NV","",IF(VLOOKUP(M15,'R_Häufigkeit_Faktoren UHR'!$B$4:$I$24,8,FALSE)=0,"",VLOOKUP(M15,'R_Häufigkeit_Faktoren UHR'!$B$4:$I$24,8,FALSE))) | U15: =IF(T15="","",T15*L15) | W15: =IF(T15="","",VLOOKUP(J15,Raumgruppen_Leistungswerte!$B$5:$F$35,5,FALSE)) | X15: =IF(T15="","",L15/W15*T15) | Y15: =IF(T15="","",X15*V15) | Z15: =IF(U15="",O15,O15+U15) | AA15: =IF(X15="",R15,X15+R15) | AB15: =IF(Y15="",S15,S15+Y15)
A16: 12 | B16: Untergeschoss | C16: -2 | D16: Technik | F16: 12 | G16: 15.4 | H16: Saugseite | I16: Beschichtung | J16: J | K16: NV | L16: =IF(K16="NV","",G16) | N16: =IF(K16="NV","",IF(VLOOKUP(M16,'R_Häufigkeit_Faktoren UHR'!$B$4:$I$24,7,FALSE)=0,"",VLOOKUP(M16,'R_Häufigkeit_Faktoren UHR'!$B$4:$I$24,7,FALSE))) | O16: =IF(N16="","",N16*L16) | Q16: =IF(N16="","",VLOOKUP(J16,Raumgruppen_Leistungswerte!$B$5:$F$35,5,FALSE)) | R16: =IF(N16="","",L16/Q16*N16) | S16: =IF(K16="NV","",R16*P16) | T16: =IF(K16="NV","",IF(VLOOKUP(M16,'R_Häufigkeit_Faktoren UHR'!$B$4:$I$24,8,FALSE)=0,"",VLOOKUP(M16,'R_Häufigkeit_Faktoren UHR'!$B$4:$I$24,8,FALSE))) | U16: =IF(T16="","",T16*L16) | W16: =IF(T16="","",VLOOKUP(J16,Raumgruppen_Leistungswerte!$B$5:$F$35,5,FALSE)) | X16: =IF(T16="","",L16/W16*T16) | Y16: =IF(T16="","",X16*V16) | Z16: =IF(U16="",O16,O16+U16) | AA16: =IF(X16="",R16,X16+R16) | AB16: =IF(Y16="",S16,S16+Y16)
A17: 13 | B17: Untergeschoss | C17: -2 | D17: Alle | F17: 13 | G17: 42.6 | H17: Geräteraum | I17: Beschichtung | J17: J | K17: NV | L17: =IF(K17="NV","",G17) | N17: =IF(K17="NV","",IF(VLOOKUP(M17,'R_Häufigkeit_Faktoren UHR'!$B$4:$I$24,7,FALSE)=0,"",VLOOKUP(M17,'R_Häufigkeit_Faktoren UHR'!$B$4:$I$24,7,FALSE))) | O17: =IF(N17="","",N17*L17) | Q17: =IF(N17="","",VLOOKUP(J17,Raumgruppen_Leistungswerte!$B$5:$F$35,5,FALSE)) | R17: =IF(N17="","",L17/Q17*N17) | S17: =IF(K17="NV","",R17*P17) | T17: =IF(K17="NV","",IF(VLOOKUP(M17,'R_Häufigkeit_Faktoren UHR'!$B$4:$I$24,8,FALSE)=0,"",VLOOKUP(M17,'R_Häufigkeit_Faktoren UHR'!$B$4:$I$24,8,FALSE))) | U17: =IF(T17="","",T17*L17) | W17: =IF(T17="","",VLOOKUP(J17,Raumgruppen_Leistungswerte!$B$5:$F$35,5,FALSE)) | X17: =IF(T17="","",L17/W17*T17) | Y17: =IF(T17="","",X17*V17) | Z17: =IF(U17="",O17,O17+U17) | AA17: =IF(X17="",R17,X17+R17) | AB17: =IF(Y17="",S17,S17+Y17)
A18: 14 | B18: Untergeschoss | C18: -2 | D18: Technik | F18: 14 | G18: 22.1 | H18: ELT Zähler | I18: Beschichtung | J18: J | K18: NV | L18: =IF(K18="NV","",G18) | N18: =IF(K18="NV","",IF(VLOOKUP(M18,'R_Häufigkeit_Faktoren UHR'!$B$4:$I$24,7,FALSE)=0,"",VLOOKUP(M18,'R_Häufigkeit_Faktoren UHR'!$B$4:$I$24,7,FALSE))) | O18: =IF(N18="","",N18*L18) | Q18: =IF(N18="","",VLOOKUP(J18,Raumgruppen_Leistungswerte!$B$5:$F$35,5,FALSE)) | R18: =IF(N18="","",L18/Q18*N18) | S18: =IF(K18="NV","",R18*P18) | T18: =IF(K18="NV","",IF(VLOOKUP(M18,'R_Häufigkeit_Faktoren UHR'!$B$4:$I$24,8,FALSE)=0,"",VLOOKUP(M18,'R_Häufigkeit_Faktoren UHR'!$B$4:$I$24,8,FALSE))) | U18: =IF(T18="","",T18*L18) | W18: =IF(T18="","",VLOOKUP(J18,Raumgruppen_Leistungswerte!$B$5:$F$35,5,FALSE)) | X18: =IF(T18="","",L18/W18*T18) | Y18: =IF(T18="","",X18*V18) | Z18: =IF(U18="",O18,O18+U18) | AA18: =IF(X18="",R18,X18+R18) | AB18: =IF(Y18="",S18,S18+Y18)
A19: 15 | B19: Untergeschoss | C19: -2 | D19: Technik | F19: 15 | G19: 20.3 | H19: EDC Hauptzentrale | I19: Beschichtung | J19: J | K19: NV | L19: =IF(K19="NV","",G19) | N19: =IF(K19="NV","",IF(VLOOKUP(M19,'R_Häufigkeit_Faktoren UHR'!$B$4:$I$24,7,FALSE)=0,"",VLOOKUP(M19,'R_Häufigkeit_Faktoren UHR'!$B$4:$I$24,7,FALSE))) | O19: =IF(N19="","",N19*L19) | Q19: =IF(N19="","",VLOOKUP(J19,Raumgruppen_Leistungswerte!$B$5:$F$35,5,FALSE)) | R19: =IF(N19="","",L19/Q19*N19) | S19: =IF(K19="NV","",R19*P19) | T19: =IF(K19="NV","",IF(VLOOKUP(M19,'R_Häufigkeit_Faktoren UHR'!$B$4:$I$24,8,FALSE)=0,"",VLOOKUP(M19,'R_Häufigkeit_Faktoren UHR'!$B$4:$I$24,8,FALSE))) | U19: =IF(T19="","",T19*L19) | W19: =IF(T19="","",VLOOKUP(J19,Raumgruppen_Leistungswerte!$B$5:$F$35,5,FALSE)) | X19: =IF(T19="","",L19/W19*T19) | Y19: =IF(T19="","",X19*V19) | Z19: =IF(U19="",O19,O19+U19) | AA19: =IF(X19="",R19,X19+R19) | AB19: =IF(Y19="",S19,S19+Y19)
A20: 16 | B20: Untergeschoss | C20: -2 | D20: Technik | F20: 16 | G20: 7 | H20: USV | I20: Beschichtung | J20: J | K20: NV | L20: =IF(K20="NV","",G20) | N20: =IF(K20="NV","",IF(VLOOKUP(M20,'R_Häufigkeit_Faktoren UHR'!$B$4:$I$24,7,FALSE)=0,"",VLOOKUP(M20,'R_Häufigkeit_Faktoren UHR'!$B$4:$I$24,7,FALSE))) | O20: =IF(N20="","",N20*L20) | Q20: =IF(N20="","",VLOOKUP(J20,Raumgruppen_Leistungswerte!$B$5:$F$35,5,FALSE)) | R20: =IF(N20="","",L20/Q20*N20) | S20: =IF(K20="NV","",R20*P20) | T20: =IF(K20="NV","",IF(VLOOKUP(M20,'R_Häufigkeit_Faktoren UHR'!$B$4:$I$24,8,FALSE)=0,"",VLOOKUP(M20,'R_Häufigkeit_Faktoren UHR'!$B$4:$I$24,8,FALSE))) | U20: =IF(T20="","",T20*L20) | W20: =IF(T20="","",VLOOKUP(J20,Raumgruppen_Leistungswerte!$B$5:$F$35,5,FALSE)) | X20: =IF(T20="","",L20/W20*T20) | Y20: =IF(T20="","",X20*V20) | Z20: =IF(U20="",O20,O20+U20) | AA20: =IF(X20="",R20,X20+R20) | AB20: =IF(Y20="",S20,S20+Y20)
A21: 17 | B21: Untergeschoss | C21: -2 | D21: Alle | F21: 17 | G21: 8 | H21: BMA | I21: Beschichtung | J21: J | K21: NV | L21: =IF(K21="NV","",G21) | N21: =IF(K21="NV","",IF(VLOOKUP(M21,'R_Häufigkeit_Faktoren UHR'!$B$4:$I$24,7,FALSE)=0,"",VLOOKUP(M21,'R_Häufigkeit_Faktoren UHR'!$B$4:$I$24,7,FALSE))) | O21: =IF(N21="","",N21*L21) | Q21: =IF(N21="","",VLOOKUP(J21,Raumgruppen_Leistungswerte!$B$5:$F$35,5,FALSE)) | R21: =IF(N21="","",L21/Q21*N21) | S21: =IF(K21="NV","",R21*P21) | T21: =IF(K21="NV","",IF(VLOOKUP(M21,'R_Häufigkeit_Faktoren UHR'!$B$4:$I$24,8,FALSE)=0,"",VLOOKUP(M21,'R_Häufigkeit_Faktoren UHR'!$B$4:$I$24,8,FALSE))) | U21: =IF(T21="","",T21*L21) | W21: =IF(T21="","",VLOOKUP(J21,Raumgruppen_Leistungswerte!$B$5:$F$35,5,FALSE)) | X21: =IF(T21="","",L21/W21*T21) | Y21: =IF(T21="","",X21*V21) | Z21: =IF(U21="",O21,O21+U21) | AA21: =IF(X21="",R21,X21+R21) | AB21: =IF(Y21="",S21,S21+Y21)
... A26: 22 | B26: Untergeschoss | C26: -2 | D26: Technik | F26: 22 | G26: 43.8 | H26: Außenluft | I26: Beschichtung | J26: J | K26: NV | L26: =IF(K26="NV","",G26) | N26: =IF(K26="NV","",IF(VLOOKUP(M26,'R_Häufigkeit_Faktoren UHR'!$B$4:$I$24,7,FALSE)=0,"",VLOOKUP(M26,'R_Häufigkeit_Faktoren UHR'!$B$4:$I$24,7,FALSE))) | O26: =IF(N26="","",N26*L26) | Q26: =IF(N26="","",VLOOKUP(J26,Raumgruppen_Leistungswerte!$B$5:$F$35,5,FALSE)) | R26: =IF(N26="","",L26/Q26*N26) | S26: =IF(K26="NV","",R26*P26) | T26: =IF(K26="NV","",IF(VLOOKUP(M26,'R_Häufigkeit_Faktoren UHR'!$B$4:$I$24,8,FALSE)=0,"",VLOOKUP(M26,'R_Häufigkeit_Faktoren UHR'!$B$4:$I$24,8,FALSE))) | U26: =IF(T26="","",T26*L26) | W26: =IF(T26="","",VLOOKUP(J26,Raumgruppen_Leistungswerte!$B$5:$F$35,5,FALSE)) | X26: =IF(T26="","",L26/W26*T26) | Y26: =IF(T26="","",X26*V26) | Z26: =IF(U26="",O26,O26+U26) | AA26: =IF(X26="",R26,X26+R26) | AB26: =IF(Y26="",S26,S26+Y26)
A27: 23 | B27: Untergeschoss | C27: -2 | D27: Alle | F27: 23 | G27: 17.2 | H27: Flur | I27: Beschichtung | J27: F1-2 | K27: V | L27: =IF(K27="NV","",G27) -> 17.2 | M27: 5 | N27: =IF(K27="NV","",IF(VLOOKUP(M27,'R_Häufigkeit_Faktoren UHR'!$B$4:$I$24,7,FALSE)=0,"",VLOOKUP(M27,'R_Häufigkeit_Faktoren UHR'!$B$4:$I$24,7,FALSE))) -> 20.917857 | O27: =IF(N27="","",N27*L27) -> 359.78714 | Q27: =IF(N27="","",VLOOKUP(J27,Raumgruppen_Leistungswerte!$B$5:$F$35,5,FALSE)) -> 0 | R27: =IF(N27="","",L27/Q27*N27) -> #DIV/0! | S27: =IF(K27="NV","",R27*P27) -> #DIV/0! | T27: =IF(K27="NV","",IF(VLOOKUP(M27,'R_Häufigkeit_Faktoren UHR'!$B$4:$I$24,8,FALSE)=0,"",VLOOKUP(M27,'R_Häufigkeit_Faktoren UHR'!$B$4:$I$24,8,FALSE))) | U27: =IF(T27="","",T27*L27) | W27: =IF(T27="","",VLOOKUP(J27,Raumgruppen_Leistungswerte!$B$5:$F$35,5,FALSE)) | X27: =IF(T27="","",L27/W27*T27) | Y27: =IF(T27="","",X27*V27) | Z27: =IF(U27="",O27,O27+U27) -> 359.78714 | AA27: =IF(X27="",R27,X27+R27) -> #DIV/0! | AB27: =IF(Y27="",S27,S27+Y27) -> #DIV/0!
A28: 24 | B28: Untergeschoss | C28: -2 | D28: Alle | F28: 24 | G28: 24.8 | H28: ZBV | I28: Beschichtung | J28: J | K28: NV | L28: =IF(K28="NV","",G28) | N28: =IF(K28="NV","",IF(VLOOKUP(M28,'R_Häufigkeit_Faktoren UHR'!$B$4:$I$24,7,FALSE)=0,"",VLOOKUP(M28,'R_Häufigkeit_Faktoren UHR'!$B$4:$I$24,7,FALSE))) | O28: =IF(N28="","",N28*L28) | Q28: =IF(N28="","",VLOOKUP(J28,Raumgruppen_Leistungswerte!$B$5:$F$35,5,FALSE)) | R28: =IF(N28="","",L28/Q28*N28) | S28: =IF(K28="NV","",R28*P28) | T28: =IF(K28="NV","",IF(VLOOKUP(M28,'R_Häufigkeit_Faktoren UHR'!$B$4:$I$24,8,FALSE)=0,"",VLOOKUP(M28,'R_Häufigkeit_Faktoren UHR'!$B$4:$I$24,8,FALSE))) | U28: =IF(T28="","",T28*L28) | W28: =IF(T28="","",VLOOKUP(J28,Raumgruppen_Leistungswerte!$B$5:$F$35,5,FALSE)) | X28: =IF(T28="","",L28/W28*T28) | Y28: =IF(T28="","",X28*V28) | Z28: =IF(U28="",O28,O28+U28) | AA28: =IF(X28="",R28,X28+R28) | AB28: =IF(Y28="",S28,S28+Y28)
A29: 25 | B29: Untergeschoss | C29: -2 | D29: Alle | F29: 25 | G29: 22.6 | H29: ZBV | I29: Beschichtung | J29: J | K29: NV | L29: =IF(K29="NV","",G29) | N29: =IF(K29="NV","",IF(VLOOKUP(M29,'R_Häufigkeit_Faktoren UHR'!$B$4:$I$24,7,FALSE)=0,"",VLOOKUP(M29,'R_Häufigkeit_Faktoren UHR'!$B$4:$I$24,7,FALSE))) | O29: =IF(N29="","",N29*L29) | Q29: =IF(N29="","",VLOOKUP(J29,Raumgruppen_Leistungswerte!$B$5:$F$35,5,FALSE)) | R29: =IF(N29="","",L29/Q29*N29) | S29: =IF(K29="NV","",R29*P29) | T29: =IF(K29="NV","",IF(VLOOKUP(M29,'R_Häufigkeit_Faktoren UHR'!$B$4:$I$24,8,FALSE)=0,"",VLOOKUP(M29,'R_Häufigkeit_Faktoren UHR'!$B$4:$I$24,8,FALSE))) | U29: =IF(T29="","",T29*L29) | W29: =IF(T29="","",VLOOKUP(J29,Raumgruppen_Leistungswerte!$B$5:$F$35,5,FALSE)) | X29: =IF(T29="","",L29/W29*T29) | Y29: =IF(T29="","",X29*V29) | Z29: =IF(U29="",O29,O29+U29) | AA29: =IF(X29="",R29,X29+R29) | AB29: =IF(Y29="",S29,S29+Y29)
A30: 26 | B30: Untergeschoss | C30: -2 | D30: Alle | F30: 26 | G30: 12.7 | H30: Fahrräder | I30: Beschichtung | J30: K | K30: V | L30: =IF(K30="NV","",G30) -> 12.7 | M30: Q1 | N30: =IF(K30="NV","",IF(VLOOKUP(M30,'R_Häufigkeit_Faktoren UHR'!$B$4:$I$24,7,FALSE)=0,"",VLOOKUP(M30,'R_Häufigkeit_Faktoren UHR'!$B$4:$I$24,7,FALSE))) -> 4 | O30: =IF(N30="","",N30*L30) -> 50.8 | Q30: =IF(N30="","",VLOOKUP(J30,Raumgruppen_Leistungswerte!$B$5:$F$35,5,FALSE)) -> 0 | R30: =IF(N30="","",L30/Q30*N30) -> #DIV/0! | S30: =IF(K30="NV","",R30*P30) -> #DIV/0! | T30: =IF(K30="NV","",IF(VLOOKUP(M30,'R_Häufigkeit_Faktoren UHR'!$B$4:$I$24,8,FALSE)=0,"",VLOOKUP(M30,'R_Häufigkeit_Faktoren UHR'!$B$4:$I$24,8,FALSE))) | U30: =IF(T30="","",T30*L30) | W30: =IF(T30="","",VLOOKUP(J30,Raumgruppen_Leistungswerte!$B$5:$F$35,5,FALSE)) | X30: =IF(T30="","",L30/W30*T30) | Y30: =IF(T30="","",X30*V30) | Z30: =IF(U30="",O30,O30+U30) -> 50.8 | AA30: =IF(X30="",R30,X30+R30) -> #DIV/0! | AB30: =IF(Y30="",S30,S30+Y30) -> #DIV/0!
A31: 27 | B31: Untergeschoss | C31: -2 | D31: Alle | F31: 27 | G31: 32 | H31: Flur | I31: Beschichtung | J31: F1-2 | K31: V | L31: =IF(K31="NV","",G31) -> 32 | M31: 5 | N31: =IF(K31="NV","",IF(VLOOKUP(M31,'R_Häufigkeit_Faktoren UHR'!$B$4:$I$24,7,FALSE)=0,"",VLOOKUP(M31,'R_Häufigkeit_Faktoren UHR'!$B$4:$I$24,7,FALSE))) -> 20.917857 | O31: =IF(N31="","",N31*L31) -> 669.37143 | Q31: =IF(N31="","",VLOOKUP(J31,Raumgruppen_Leistungswerte!$B$5:$F$35,5,FALSE)) -> 0 | R31: =IF(N31="","",L31/Q31*N31) -> #DIV/0! | S31: =IF(K31="NV","",R31*P31) -> #DIV/0! | T31: =IF(K31="NV","",IF(VLOOKUP(M31,'R_Häufigkeit_Faktoren UHR'!$B$4:$I$24,8,FALSE)=0,"",VLOOKUP(M31,'R_Häufigkeit_Faktoren UHR'!$B$4:$I$24,8,FALSE))) | U31: =IF(T31="","",T31*L31) | W31: =IF(T31="","",VLOOKUP(J31,Raumgruppen_Leistungswerte!$B$5:$F$35,5,FALSE)) | X31: =IF(T31="","",L31/W31*T31) | Y31: =IF(T31="","",X31*V31) | Z31: =IF(U31="",O31,O31+U31) -> 669.37143 | AA31: =IF(X31="",R31,X31+R31) -> #DIV/0! | AB31: =IF(Y31="",S31,S31+Y31) -> #DIV/0!
A32: 28 | B32: Untergeschoss | C32: -2 | D32: Alle | F32: 28 | G32: 10.2 | H32: Reinigungsmittel | I32: ? | J32: J | K32: NV | L32: =IF(K32="NV","",G32) | N32: =IF(K32="NV","",IF(VLOOKUP(M32,'R_Häufigkeit_Faktoren UHR'!$B$4:$I$24,7,FALSE)=0,"",VLOOKUP(M32,'R_Häufigkeit_Faktoren UHR'!$B$4:$I$24,7,FALSE))) | O32: =IF(N32="","",N32*L32) | Q32: =IF(N32="","",VLOOKUP(J32,Raumgruppen_Leistungswerte!$B$5:$F$35,5,FALSE)) | R32: =IF(N32="","",L32/Q32*N32) | S32: =IF(K32="NV","",R32*P32) | T32: =IF(K32="NV","",IF(VLOOKUP(M32,'R_Häufigkeit_Faktoren UHR'!$B$4:$I$24,8,FALSE)=0,"",VLOOKUP(M32,'R_Häufigkeit_Faktoren UHR'!$B$4:$I$24,8,FALSE))) | U32: =IF(T32="","",T32*L32) | W32: =IF(T32="","",VLOOKUP(J32,Raumgruppen_Leistungswerte!$B$5:$F$35,5,FALSE)) | X32: =IF(T32="","",L32/W32*T32) | Y32: =IF(T32="","",X32*V32) | Z32: =IF(U32="",O32,O32+U32) | AA32: =IF(X32="",R32,X32+R32) | AB32: =IF(Y32="",S32,S32+Y32)
A33: 29 | B33: Untergeschoss | C33: -2 | D33: Alle | F33: 29 | G33: 14.1 | H33: Umkleide Lager | I33: Beschichtung | J33: G | K33: NV | L33: =IF(K33="NV","",G33) | N33: =IF(K33="NV","",IF(VLOOKUP(M33,'R_Häufigkeit_Faktoren UHR'!$B$4:$I$24,7,FALSE)=0,"",VLOOKUP(M33,'R_Häufigkeit_Faktoren UHR'!$B$4:$I$24,7,FALSE))) | O33: =IF(N33="","",N33*L33) | Q33: =IF(N33="","",VLOOKUP(J33,Raumgruppen_Leistungswerte!$B$5:$F$35,5,FALSE)) | R33: =IF(N33="","",L33/Q33*N33) | S33: =IF(K33="NV","",R33*P33) | T33: =IF(K33="NV","",IF(VLOOKUP(M33,'R_Häufigkeit_Faktoren UHR'!$B$4:$I$24,8,FALSE)=0,"",VLOOKUP(M33,'R_Häufigkeit_Faktoren UHR'!$B$4:$I$24,8,FALSE))) | U33: =IF(T33="","",T33*L33) | W33: =IF(T33="","",VLOOKUP(J33,Raumgruppen_Leistungswerte!$B$5:$F$35,5,FALSE)) | X33: =IF(T33="","",L33/W33*T33) | Y33: =IF(T33="","",X33*V33) | Z33: =IF(U33="",O33,O33+U33) | AA33: =IF(X33="",R33,X33+R33) | AB33: =IF(Y33="",S33,S33+Y33)
A34: 30 | B34: Untergeschoss | C34: -2 | D34: Technik | F34: 30 | G34: 16.8 | H34: Technik Lüftung | I34: Beschichtung | J34: J | K34: NV | L34: =IF(K34="NV","",G34) | N34: =IF(K34="NV","",IF(VLOOKUP(M34,'R_Häufigkeit_Faktoren UHR'!$B$4:$I$24,7,FALSE)=0,"",VLOOKUP(M34,'R_Häufigkeit_Faktoren UHR'!$B$4:$I$24,7,FALSE))) | O34: =IF(N34="","",N34*L34) | Q34: =IF(N34="","",VLOOKUP(J34,Raumgruppen_Leistungswerte!$B$5:$F$35,5,FALSE)) | R34: =IF(N34="","",L34/Q34*N34) | S34: =IF(K34="NV","",R34*P34) | T34: =IF(K34="NV","",IF(VLOOKUP(M34,'R_Häufigkeit_Faktoren UHR'!$B$4:$I$24,8,FALSE)=0,"",VLOOKUP(M34,'R_Häufigkeit_Faktoren UHR'!$B$4:$I$24,8,FALSE))) | U34: =IF(T34="","",T34*L34) | W34: =IF(T34="","",VLOOKUP(J34,Raumgruppen_Leistungswerte!$B$5:$F$35,5,FALSE)) | X34: =IF(T34="","",L34/W34*T34) | Y34: =IF(T34="","",X34*V34) | Z34: =IF(U34="",O34,O34+U34) | AA34: =IF(X34="",R34,X34+R34) | AB34: =IF(Y34="",S34,S34+Y34)
A35: 31 | B35: Untergeschoss | C35: -2 | D35: Alle | F35: TH1-01 | G35: 20.3 | H35: Treppenhaus | I35: Betonwerkstein | J35: F2-1 | K35: V | L35: =IF(K35="NV","",G35) -> 20.3 | M35: 3 | N35: =IF(K35="NV","",IF(VLOOKUP(M35,'R_Häufigkeit_Faktoren UHR'!$B$4:$I$24,7,FALSE)=0,"",VLOOKUP(M35,'R_Häufigkeit_Faktoren UHR'!$B$4:$I$24,7,FALSE))) -> 13.035714 | O35: =IF(N35="","",N35*L35) -> 264.625 | Q35: =IF(N35="","",VLOOKUP(J35,Raumgruppen_Leistungswerte!$B$5:$F$35,5,FALSE)) -> 0 | R35: =IF(N35="","",L35/Q35*N35) -> #DIV/0! | S35: =IF(K35="NV","",R35*P35) -> #DIV/0! | T35: =IF(K35="NV","",IF(VLOOKUP(M35,'R_Häufigkeit_Faktoren UHR'!$B$4:$I$24,8,FALSE)=0,"",VLOOKUP(M35,'R_Häufigkeit_Faktoren UHR'!$B$4:$I$24,8,FALSE))) | U35: =IF(T35="","",T35*L35) | W35: =IF(T35="","",VLOOKUP(J35,Raumgruppen_Leistungswerte!$B$5:$F$35,5,FALSE)) | X35: =IF(T35="","",L35/W35*T35) | Y35: =IF(T35="","",X35*V35) | Z35: =IF(U35="",O35,O35+U35) -> 264.625 | AA35: =IF(X35="",R35,X35+R35) -> #DIV/0! | AB35: =IF(Y35="",S35,S35+Y35) -> #DIV/0!
A36: 32 | B36: Untergeschoss | C36: -2 | D36: Technik | F36: TH1-02 | G36: 15.4 | H36: Schleuse | I36: Betonwerkstein | J36: F2-1 | K36: V | L36: =IF(K36="NV","",G36) -> 15.4 | M36: 3 | N36: =IF(K36="NV","",IF(VLOOKUP(M36,'R_Häufigkeit_Faktoren UHR'!$B$4:$I$24,7,FALSE)=0,"",VLOOKUP(M36,'R_Häufigkeit_Faktoren UHR'!$B$4:$I$24,7,FALSE))) -> 13.035714 | O36: =IF(N36="","",N36*L36) -> 200.75 | Q36: =IF(N36="","",VLOOKUP(J36,Raumgruppen_Leistungswerte!$B$5:$F$35,5,FALSE)) -> 0 | R36: =IF(N36="","",L36/Q36*N36) -> #DIV/0! | S36: =IF(K36="NV","",R36*P36) -> #DIV/0! | T36: =IF(K36="NV","",IF(VLOOKUP(M36,'R_Häufigkeit_Faktoren UHR'!$B$4:$I$24,8,FALSE)=0,"",VLOOKUP(M36,'R_Häufigkeit_Faktoren UHR'!$B$4:$I$24,8,FALSE))) | U36: =IF(T36="","",T36*L36) | W36: =IF(T36="","",VLOOKUP(J36,Raumgruppen_Leistungswerte!$B$5:$F$35,5,FALSE)) | X36: =IF(T36="","",L36/W36*T36) | Y36: =IF(T36="","",X36*V36) | Z36: =IF(U36="",O36,O36+U36) -> 200.75 | AA36: =IF(X36="",R36,X36+R36) -> #DIV/0! | AB36: =IF(Y36="",S36,S36+Y36) -> #DIV/0!
A37: 33 | B37: Untergeschoss | C37: -2 | D37: Alle | F37: TH1-03 | G37: 16.7 | H37: Vorraum | I37: Betonwerkstein | J37: F2-1 | K37: V | L37: =IF(K37="NV","",G37) -> 16.7 | M37: 5 | N37: =IF(K37="NV","",IF(VLOOKUP(M37,'R_Häufigkeit_Faktoren UHR'!$B$4:$I$24,7,FALSE)=0,"",VLOOKUP(M37,'R_Häufigkeit_Faktoren UHR'!$B$4:$I$24,7,FALSE))) -> 20.917857 | O37: =IF(N37="","",N37*L37) -> 349.32821 | Q37: =IF(N37="","",VLOOKUP(J37,Raumgruppen_Leistungswerte!$B$5:$F$35,5,FALSE)) -> 0 | R37: =IF(N37="","",L37/Q37*N37) -> #DIV/0! | S37: =IF(K37="NV","",R37*P37) -> #DIV/0! | T37: =IF(K37="NV","",IF(VLOOKUP(M37,'R_Häufigkeit_Faktoren UHR'!$B$4:$I$24,8,FALSE)=0,"",VLOOKUP(M37,'R_Häufigkeit_Faktoren UHR'!$B$4:$I$24,8,FALSE))) | U37: =IF(T37="","",T37*L37) | W37: =IF(T37="","",VLOOKUP(J37,Raumgruppen_Leistungswerte!$B$5:$F$35,5,FALSE)) | X37: =IF(T37="","",L37/W37*T37) | Y37: =IF(T37="","",X37*V37) | Z37: =IF(U37="",O37,O37+U37) -> 349.32821 | AA37: =IF(X37="",R37,X37+R37) -> #DIV/0! | AB37: =IF(Y37="",S37,S37+Y37) -> #DIV/0!
A38: 34 | B38: Untergeschoss | C38: -2 | D38: Technik | F38: TH1-04 | G38: 28.7 | H38: Schleuse | I38: Betonwerkstein | J38: F2-1 | K38: V | L38: =IF(K38="NV","",G38) -> 28.7 | M38: 3 | N38: =IF(K38="NV","",IF(VLOOKUP(M38,'R_Häufigkeit_Faktoren UHR'!$B$4:$I$24,7,FALSE)=0,"",VLOOKUP(M38,'R_Häufigkeit_Faktoren UHR'!$B$4:$I$24,7,FALSE))) -> 13.035714 | O38: =IF(N38="","",N38*L38) -> 374.125 | Q38: =IF(N38="","",VLOOKUP(J38,Raumgruppen_Leistungswerte!$B$5:$F$35,5,FALSE)) -> 0 | R38: =IF(N38="","",L38/Q38*N38) -> #DIV/0! | S38: =IF(K38="NV","",R38*P38) -> #DIV/0! | T38: =IF(K38="NV","",IF(VLOOKUP(M38,'R_Häufigkeit_Faktoren UHR'!$B$4:$I$24,8,FALSE)=0,"",VLOOKUP(M38,'R_Häufigkeit_Faktoren UHR'!$B$4:$I$24,8,FALSE))) | U38: =IF(T38="","",T38*L38) | W38: =IF(T38="","",VLOOKUP(J38,Raumgruppen_Leistungswerte!$B$5:$F$35,5,FALSE)) | X38: =IF(T38="","",L38/W38*T38) | Y38: =IF(T38="","",X38*V38) | Z38: =IF(U38="",O38,O38+U38) -> 374.125 | AA38: =IF(X38="",R38,X38+R38) -> #DIV/0! | AB38: =IF(Y38="",S38,S38+Y38) -> #DIV/0!
A39: 35 | B39: Untergeschoss | C39: -2 | D39: Alle | F39: TH2-01 | G39: 23.8 | H39: Treppenhaus | I39: Betonwerkstein | J39: F2-1 | K39: V | L39: =IF(K39="NV","",G39) -> 23.8 | M39: 3 | N39: =IF(K39="NV","",IF(VLOOKUP(M39,'R_Häufigkeit_Faktoren UHR'!$B$4:$I$24,7,FALSE)=0,"",VLOOKUP(M39,'R_Häufigkeit_Faktoren UHR'!$B$4:$I$24,7,FALSE))) -> 13.035714 | O39: =IF(N39="","",N39*L39) -> 310.25 | Q39: =IF(N39="","",VLOOKUP(J39,Raumgruppen_Leistungswerte!$B$5:$F$35,5,FALSE)) -> 0 | R39: =IF(N39="","",L39/Q39*N39) -> #DIV/0! | S39: =IF(K39="NV","",R39*P39) -> #DIV/0! | T39: =IF(K39="NV","",IF(VLOOKUP(M39,'R_Häufigkeit_Faktoren UHR'!$B$4:$I$24,8,FALSE)=0,"",VLOOKUP(M39,'R_Häufigkeit_Faktoren UHR'!$B$4:$I$24,8,FALSE))) | U39: =IF(T39="","",T39*L39) | W39: =IF(T39="","",VLOOKUP(J39,Raumgruppen_Leistungswerte!$B$5:$F$35,5,FALSE)) | X39: =IF(T39="","",L39/W39*T39) | Y39: =IF(T39="","",X39*V39) | Z39: =IF(U39="",O39,O39+U39) -> 310.25 | AA39: =IF(X39="",R39,X39+R39) -> #DIV/0! | AB39: =IF(Y39="",S39,S39+Y39) -> #DIV/0!
A40: 36 | B40: Untergeschoss | C40: -2 | D40: Technik | F40: TH2-02 | G40: 18.2 | H40: Schleuse | I40: Betonwerkstein | J40: F2-1 | K40: V | L40: =IF(K40="NV","",G40) -> 18.2 | M40: 3 | N40: =IF(K40="NV","",IF(VLOOKUP(M40,'R_Häufigkeit_Faktoren UHR'!$B$4:$I$24,7,FALSE)=0,"",VLOOKUP(M40,'R_Häufigkeit_Faktoren UHR'!$B$4:$I$24,7,FALSE))) -> 13.035714 | O40: =IF(N40="","",N40*L40) -> 237.25 | Q40: =IF(N40="","",VLOOKUP(J40,Raumgruppen_Leistungswerte!$B$5:$F$35,5,FALSE)) -> 0 | R40: =IF(N40="","",L40/Q40*N40) -> #DIV/0! | S40: =IF(K40="NV","",R40*P40) -> #DIV/0! | T40: =IF(K40="NV","",IF(VLOOKUP(M40,'R_Häufigkeit_Faktoren UHR'!$B$4:$I$24,8,FALSE)=0,"",VLOOKUP(M40,'R_Häufigkeit_Faktoren UHR'!$B$4:$I$24,8,FALSE))) | U40: =IF(T40="","",T40*L40) | W40: =IF(T40="","",VLOOKUP(J40,Raumgruppen_Leistungswerte!$B$5:$F$35,5,FALSE)) | X40: =IF(T40="","",L40/W40*T40) | Y40: =IF(T40="","",X40*V40) | Z40: =IF(U40="",O40,O40+U40) -> 237.25 | AA40: =IF(X40="",R40,X40+R40) -> #DIV/0! | AB40: =IF(Y40="",S40,S40+Y40) -> #DIV/0!
A41: 37 | B41: Untergeschoss | C41: -2 | D41: Alle | F41: TH2-03 | G41: 7 | H41: Vorraum | I41: Betonwerkstein | J41: F2-1 | K41: V | L41: =IF(K41="NV","",G41) -> 7 | M41: 5 | N41: =IF(K41="NV","",IF(VLOOKUP(M41,'R_Häufigkeit_Faktoren UHR'!$B$4:$I$24,7,FALSE)=0,"",VLOOKUP(M41,'R_Häufigkeit_Faktoren UHR'!$B$4:$I$24,7,FALSE))) -> 20.917857 | O41: =IF(N41="","",N41*L41) -> 146.425 | Q41: =IF(N41="","",VLOOKUP(J41,Raumgruppen_Leistungswerte!$B$5:$F$35,5,FALSE)) -> 0 | R41: =IF(N41="","",L41/Q41*N41) -> #DIV/0! | S41: =IF(K41="NV","",R41*P41) -> #DIV/0! | T41: =IF(K41="NV","",IF(VLOOKUP(M41,'R_Häufigkeit_Faktoren UHR'!$B$4:$I$24,8,FALSE)=0,"",VLOOKUP(M41,'R_Häufigkeit_Faktoren UHR'!$B$4:$I$24,8,FALSE))) | U41: =IF(T41="","",T41*L41) | W41: =IF(T41="","",VLOOKUP(J41,Raumgruppen_Leistungswerte!$B$5:$F$35,5,FALSE)) | X41: =IF(T41="","",L41/W41*T41) | Y41: =IF(T41="","",X41*V41) | Z41: =IF(U41="",O41,O41+U41) -> 146.425 | AA41: =IF(X41="",R41,X41+R41) -> #DIV/0! | AB41: =IF(Y41="",S41,S41+Y41) -> #DIV/0!
A42: 38 | B42: Untergeschoss | C42: -2 | D42: Alle | F42: VF01 | G42: 2889.3 | H42: Verkehsfläche | I42: Beschichtung | J42: K | K42: NV | L42: =IF(K42="NV","",G42) | M42: J2 | N42: =IF(K42="NV","",IF(VLOOKUP(M42,'R_Häufigkeit_Faktoren UHR'!$B$4:$I$24,7,FALSE)=0,"",VLOOKUP(M42,'R_Häufigkeit_Faktoren UHR'!$B$4:$I$24,7,FALSE))) | O42: =IF(N42="","",N42*L42) | Q42: =IF(N42="","",VLOOKUP(J42,Raumgruppen_Leistungswerte!$B$5:$F$35,5,FALSE)) | R42: =IF(N42="","",L42/Q42*N42) | S42: =IF(K42="NV","",R42*P42) | T42: =IF(K42="NV","",IF(VLOOKUP(M42,'R_Häufigkeit_Faktoren UHR'!$B$4:$I$24,8,FALSE)=0,"",VLOOKUP(M42,'R_Häufigkeit_Faktoren UHR'!$B$4:$I$24,8,FALSE))) | U42: =IF(T42="","",T42*L42) | W42: =IF(T42="","",VLOOKUP(J42,Raumgruppen_Leistungswerte!$B$5:$F$35,5,FALSE)) | X42: =IF(T42="","",L42/W42*T42) | Y42: =IF(T42="","",X42*V42) | Z42: =IF(U42="",O42,O42+U42) | AA42: =IF(X42="",R42,X42+R42) | AB42: =IF(Y42="",S42,S42+Y42)
A43: 39 | B43: Untergeschoss | C43: -2 | D43: Alle | F43: TH4-01 | G43: 34.2 | H43: Treppenhaus | I43: Betonwerkstein | J43: F2-1 | K43: V | L43: =IF(K43="NV","",G43) -> 34.2 | M43: 3 | N43: =IF(K43="NV","",IF(VLOOKUP(M43,'R_Häufigkeit_Faktoren UHR'!$B$4:$I$24,7,FALSE)=0,"",VLOOKUP(M43,'R_Häufigkeit_Faktoren UHR'!$B$4:$I$24,7,FALSE))) -> 13.035714 | O43: =IF(N43="","",N43*L43) -> 445.82143 | Q43: =IF(N43="","",VLOOKUP(J43,Raumgruppen_Leistungswerte!$B$5:$F$35,5,FALSE)) -> 0 | R43: =IF(N43="","",L43/Q43*N43) -> #DIV/0! | S43: =IF(K43="NV","",R43*P43) -> #DIV/0! | T43: =IF(K43="NV","",IF(VLOOKUP(M43,'R_Häufigkeit_Faktoren UHR'!$B$4:$I$24,8,FALSE)=0,"",VLOOKUP(M43,'R_Häufigkeit_Faktoren UHR'!$B$4:$I$24,8,FALSE))) | U43: =IF(T43="","",T43*L43) | W43: =IF(T43="","",VLOOKUP(J43,Raumgruppen_Leistungswerte!$B$5:$F$35,5,FALSE)) | X43: =IF(T43="","",L43/W43*T43) | Y43: =IF(T43="","",X43*V43) | Z43: =IF(U43="",O43,O43+U43) -> 445.82143 | AA43: =IF(X43="",R43,X43+R43) -> #DIV/0! | AB43: =IF(Y43="",S43,S43+Y43) -> #DIV/0!
A44: 40 | B44: Untergeschoss | C44: -2 | D44: Technik | F44: TH4-02 | G44: 3.9 | H44: Schleuse | I44: Betonwerkstein | J44: F2-1 | K44: V | L44: =IF(K44="NV","",G44) -> 3.9 | M44: 3 | N44: =IF(K44="NV","",IF(VLOOKUP(M44,'R_Häufigkeit_Faktoren UHR'!$B$4:$I$24,7,FALSE)=0,"",VLOOKUP(M44,'R_Häufigkeit_Faktoren UHR'!$B$4:$I$24,7,FALSE))) -> 13.035714 | O44: =IF(N44="","",N44*L44) -> 50.839286 | Q44: =IF(N44="","",VLOOKUP(J44,Raumgruppen_Leistungswerte!$B$5:$F$35,5,FALSE)) -> 0 | R44: =IF(N44="","",L44/Q44*N44) -> #DIV/0! | S44: =IF(K44="NV","",R44*P44) -> #DIV/0! | T44: =IF(K44="NV","",IF(VLOOKUP(M44,'R_Häufigkeit_Faktoren UHR'!$B$4:$I$24,8,FALSE)=0,"",VLOOKUP(M44,'R_Häufigkeit_Faktoren UHR'!$B$4:$I$24,8,FALSE))) | U44: =IF(T44="","",T44*L44) | W44: =IF(T44="","",VLOOKUP(J44,Raumgruppen_Leistungswerte!$B$5:$F$35,5,FALSE)) | X44: =IF(T44="","",L44/W44*T44) | Y44: =IF(T44="","",X44*V44) | Z44: =IF(U44="",O44,O44+U44) -> 50.839286 | AA44: =IF(X44="",R44,X44+R44) -> #DIV/0! | AB44: =IF(Y44="",S44,S44+Y44) -> #DIV/0!
A45: 41 | B45: Untergeschoss | C45: -1 | D45: Technik | F45: 02 | G45: 33.4 | H45: Technik | J45: J | K45: NV | L45: =IF(K45="NV","",G45) | N45: =IF(K45="NV","",IF(VLOOKUP(M45,'R_Häufigkeit_Faktoren UHR'!$B$4:$I$24,7,FALSE)=0,"",VLOOKUP(M45,'R_Häufigkeit_Faktoren UHR'!$B$4:$I$24,7,FALSE))) | O45: =IF(N45="","",N45*L45) | Q45: =IF(N45="","",VLOOKUP(J45,Raumgruppen_Leistungswerte!$B$5:$F$35,5,FALSE)) | R45: =IF(N45="","",L45/Q45*N45) | S45: =IF(K45="NV","",R45*P45) | T45: =IF(K45="NV","",IF(VLOOKUP(M45,'R_Häufigkeit_Faktoren UHR'!$B$4:$I$24,8,FALSE)=0,"",VLOOKUP(M45,'R_Häufigkeit_Faktoren UHR'!$B$4:$I$24,8,FALSE))) | U45: =IF(T45="","",T45*L45) | W45: =IF(T45="","",VLOOKUP(J45,Raumgruppen_Leistungswerte!$B$5:$F$35,5,FALSE)) | X45: =IF(T45="","",L45/W45*T45) | Y45: =IF(T45="","",X45*V45) | Z45: =IF(U45="",O45,O45+U45) | AA45: =IF(X45="",R45,X45+R45) | AB45: =IF(Y45="",S45,S45+Y45)
A46: 42 | B46: Untergeschoss | C46: -1 | D46: Technik | F46: 03 | G46: 20.8 | H46: Technik | J46: J | K46: NV | L46: =IF(K46="NV","",G46) | N46: =IF(K46="NV","",IF(VLOOKUP(M46,'R_Häufigkeit_Faktoren UHR'!$B$4:$I$24,7,FALSE)=0,"",VLOOKUP(M46,'R_Häufigkeit_Faktoren UHR'!$B$4:$I$24,7,FALSE))) | O46: =IF(N46="","",N46*L46) | Q46: =IF(N46="","",VLOOKUP(J46,Raumgruppen_Leistungswerte!$B$5:$F$35,5,FALSE)) | R46: =IF(N46="","",L46/Q46*N46) | S46: =IF(K46="NV","",R46*P46) | T46: =IF(K46="NV","",IF(VLOOKUP(M46,'R_Häufigkeit_Faktoren UHR'!$B$4:$I$24,8,FALSE)=0,"",VLOOKUP(M46,'R_Häufigkeit_Faktoren UHR'!$B$4:$I$24,8,FALSE))) | U46: =IF(T46="","",T46*L46) | W46: =IF(T46="","",VLOOKUP(J46,Raumgruppen_Leistungswerte!$B$5:$F$35,5,FALSE)) | X46: =IF(T46="","",L46/W46*T46) | Y46: =IF(T46="","",X46*V46) | Z46: =IF(U46="",O46,O46+U46) | AA46: =IF(X46="",R46,X46+R46) | AB46: =IF(Y46="",S46,S46+Y46)
A47: 43 | B47: Untergeschoss | C47: -1 | D47: Technik | F47: 04 | G47: 8.7 | H47: Trinkwasserraum | J47: J | K47: NV | L47: =IF(K47="NV","",G47) | N47: =IF(K47="NV","",IF(VLOOKUP(M47,'R_Häufigkeit_Faktoren UHR'!$B$4:$I$24,7,FALSE)=0,"",VLOOKUP(M47,'R_Häufigkeit_Faktoren UHR'!$B$4:$I$24,7,FALSE))) | O47: =IF(N47="","",N47*L47) | Q47: =IF(N47="","",VLOOKUP(J47,Raumgruppen_Leistungswerte!$B$5:$F$35,5,FALSE)) | R47: =IF(N47="","",L47/Q47*N47) | S47: =IF(K47="NV","",R47*P47) | T47: =IF(K47="NV","",IF(VLOOKUP(M47,'R_Häufigkeit_Faktoren UHR'!$B$4:$I$24,8,FALSE)=0,"",VLOOKUP(M47,'R_Häufigkeit_Faktoren UHR'!$B$4:$I$24,8,FALSE))) | U47: =IF(T47="","",T47*L47) | W47: =IF(T47="","",VLOOKUP(J47,Raumgruppen_Leistungswerte!$B$5:$F$35,5,FALSE)) | X47: =IF(T47="","",L47/W47*T47) | Y47: =IF(T47="","",X47*V47) | Z47: =IF(U47="",O47,O47+U47) | AA47: =IF(X47="",R47,X47+R47) | AB47: =IF(Y47="",S47,S47+Y47)
A48: 44 | B48: Untergeschoss | C48: -1 | D48: Technik | F48: 05 | G48: 19.3 | H48: Hausanschluss | J48: J | K48: NV | L48: =IF(K48="NV","",G48) | N48: =IF(K48="NV","",IF(VLOOKUP(M48,'R_Häufigkeit_Faktoren UHR'!$B$4:$I$24,7,FALSE)=0,"",VLOOKUP(M48,'R_Häufigkeit_Faktoren UHR'!$B$4:$I$24,7,FALSE))) | O48: =IF(N48="","",N48*L48) | Q48: =IF(N48="","",VLOOKUP(J48,Raumgruppen_Leistungswerte!$B$5:$F$35,5,FALSE)) | R48: =IF(N48="","",L48/Q48*N48) | S48: =IF(K48="NV","",R48*P48) | T48: =IF(K48="NV","",IF(VLOOKUP(M48,'R_Häufigkeit_Faktoren UHR'!$B$4:$I$24,8,FALSE)=0,"",VLOOKUP(M48,'R_Häufigkeit_Faktoren UHR'!$B$4:$I$24,8,FALSE))) | U48: =IF(T48="","",T48*L48) | W48: =IF(T48="","",VLOOKUP(J48,Raumgruppen_Leistungswerte!$B$5:$F$35,5,FALSE)) | X48: =IF(T48="","",L48/W48*T48) | Y48: =IF(T48="","",X48*V48) | Z48: =IF(U48="",O48,O48+U48) | AA48: =IF(X48="",R48,X48+R48) | AB48: =IF(Y48="",S48,S48+Y48)
A49: 45 | B49: Untergeschoss | C49: -1 | D49: Technik | F49: 06 | G49: 14.5 | H49: MSHV+NSHV | J49: J | K49: NV | L49: =IF(K49="NV","",G49) | N49: =IF(K49="NV","",IF(VLOOKUP(M49,'R_Häufigkeit_Faktoren UHR'!$B$4:$I$24,7,FALSE)=0,"",VLOOKUP(M49,'R_Häufigkeit_Faktoren UHR'!$B$4:$I$24,7,FALSE))) | O49: =IF(N49="","",N49*L49) | Q49: =IF(N49="","",VLOOKUP(J49,Raumgruppen_Leistungswerte!$B$5:$F$35,5,FALSE)) | R49: =IF(N49="","",L49/Q49*N49) | S49: =IF(K49="NV","",R49*P49) | T49: =IF(K49="NV","",IF(VLOOKUP(M49,'R_Häufigkeit_Faktoren UHR'!$B$4:$I$24,8,FALSE)=0,"",VLOOKUP(M49,'R_Häufigkeit_Faktoren UHR'!$B$4:$I$24,8,FALSE))) | U49: =IF(T49="","",T49*L49) | W49: =IF(T49="","",VLOOKUP(J49,Raumgruppen_Leistungswerte!$B$5:$F$35,5,FALSE)) | X49: =IF(T49="","",L49/W49*T49) | Y49: =IF(T49="","",X49*V49) | Z49: =IF(U49="",O49,O49+U49) | AA49: =IF(X49="",R49,X49+R49) | AB49: =IF(Y49="",S49,S49+Y49)
A50: 46 | B50: Untergeschoss | C50: -1 | D50: Technik | F50: 07 | G50: 46.8 | H50: MSHV+NSHV | J50: J | K50: NV | L50: =IF(K50="NV","",G50) | N50: =IF(K50="NV","",IF(VLOOKUP(M50,'R_Häufigkeit_Faktoren UHR'!$B$4:$I$24,7,FALSE)=0,"",VLOOKUP(M50,'R_Häufigkeit_Faktoren UHR'!$B$4:$I$24,7,FALSE))) | O50: =IF(N50="","",N50*L50) | Q50: =IF(N50="","",VLOOKUP(J50,Raumgruppen_Leistungswerte!$B$5:$F$35,5,FALSE)) | R50: =IF(N50="","",L50/Q50*N50) | S50: =IF(K50="NV","",R50*P50) | T50: =IF(K50="NV","",IF(VLOOKUP(M50,'R_Häufigkeit_Faktoren UHR'!$B$4:$I$24,8,FALSE)=0,"",VLOOKUP(M50,'R_Häufigkeit_Faktoren UHR'!$B$4:$I$24,8,FALSE))) | U50: =IF(T50="","",T50*L50) | W50: =IF(T50="","",VLOOKUP(J50,Raumgruppen_Leistungswerte!$B$5:$F$35,5,FALSE)) | X50: =IF(T50="","",L50/W50*T50) | Y50: =IF(T50="","",X50*V50) | Z50: =IF(U50="",O50,O50+U50) | AA50: =IF(X50="",R50,X50+R50) | AB50: =IF(Y50="",S50,S50+Y50)
A51: 47 | B51: Untergeschoss | C51: -1 | D51: Technik | F51: 08 | G51: 69.6 | H51: Haustechnik | J51: J | K51: NV | L51: =IF(K51="NV","",G51) | N51: =IF(K51="NV","",IF(VLOOKUP(M51,'R_Häufigkeit_Faktoren UHR'!$B$4:$I$24,7,FALSE)=0,"",VLOOKUP(M51,'R_Häufigkeit_Faktoren UHR'!$B$4:$I$24,7,FALSE))) | O51: =IF(N51="","",N51*L51) | Q51: =IF(N51="","",VLOOKUP(J51,Raumgruppen_Leistungswerte!$B$5:$F$35,5,FALSE)) | R51: =IF(N51="","",L51/Q51*N51) | S51: =IF(K51="NV","",R51*P51) | T51: =IF(K51="NV","",IF(VLOOKUP(M51,'R_Häufigkeit_Faktoren UHR'!$B$4:$I$24,8,FALSE)=0,"",VLOOKUP(M51,'R_Häufigkeit_Faktoren UHR'!$B$4:$I$24,8,FALSE))) | U51: =IF(T51="","",T51*L51) | W51: =IF(T51="","",VLOOKUP(J51,Raumgruppen_Leistungswerte!$B$5:$F$35,5,FALSE)) | X51: =IF(T51="","",L51/W51*T51) | Y51: =IF(T51="","",X51*V51) | Z51: =IF(U51="",O51,O51+U51) | AA51: =IF(X51="",R51,X51+R51) | AB51: =IF(Y51="",S51,S51+Y51)
A52: 48 | B52: Untergeschoss | C52: -1 | D52: Alle | F52: 09 | G52: 34.2 | H52: Fahrräder | J52: F2-1 | K52: V | L52: =IF(K52="NV","",G52) -> 34.2 | M52: M1 | N52: =IF(K52="NV","",IF(VLOOKUP(M52,'R_Häufigkeit_Faktoren UHR'!$B$4:$I$24,7,FALSE)=0,"",VLOOKUP(M52,'R_Häufigkeit_Faktoren UHR'!$B$4:$I$24,7,FALSE))) -> 1 | O52: =IF(N52="","",N52*L52) -> 34.2 | Q52: =IF(N52="","",VLOOKUP(J52,Raumgruppen_Leistungswerte!$B$5:$F$35,5,FALSE)) -> 0 | R52: =IF(N52="","",L52/Q52*N52) -> #DIV/0! | S52: =IF(K52="NV","",R52*P52) -> #DIV/0! | T52: =IF(K52="NV","",IF(VLOOKUP(M52,'R_Häufigkeit_Faktoren UHR'!$B$4:$I$24,8,FALSE)=0,"",VLOOKUP(M52,'R_Häufigkeit_Faktoren UHR'!$B$4:$I$24,8,FALSE))) | U52: =IF(T52="","",T52*L52) | W52: =IF(T52="","",VLOOKUP(J52,Raumgruppen_Leistungswerte!$B$5:$F$35,5,FALSE)) | X52: =IF(T52="","",L52/W52*T52) | Y52: =IF(T52="","",X52*V52) | Z52: =IF(U52="",O52,O52+U52) -> 34.2 | AA52: =IF(X52="",R52,X52+R52) -> #DIV/0! | AB52: =IF(Y52="",S52,S52+Y52) -> #DIV/0!
A53: 49 | B53: Untergeschoss | C53: -1 | D53: Alle | F53: 10 | G53: 33 | H53: Müllraum | J53: I3 | K53: V | L53: =IF(K53="NV","",G53) -> 33 | M53: M1 | N53: =IF(K53="NV","",IF(VLOOKUP(M53,'R_Häufigkeit_Faktoren UHR'!$B$4:$I$24,7,FALSE)=0,"",VLOOKUP(M53,'R_Häufigkeit_Faktoren UHR'!$B$4:$I$24,7,FALSE))) -> 1 | O53: =IF(N53="","",N53*L53) -> 33 | Q53: =IF(N53="","",VLOOKUP(J53,Raumgruppen_Leistungswerte!$B$5:$F$35,5,FALSE)) -> 0 | R53: =IF(N53="","",L53/Q53*N53) -> #DIV/0! | S53: =IF(K53="NV","",R53*P53) -> #DIV/0! | T53: =IF(K53="NV","",IF(VLOOKUP(M53,'R_Häufigkeit_Faktoren UHR'!$B$4:$I$24,8,FALSE)=0,"",VLOOKUP(M53,'R_Häufigkeit_Faktoren UHR'!$B$4:$I$24,8,FALSE))) | U53: =IF(T53="","",T53*L53) | W53: =IF(T53="","",VLOOKUP(J53,Raumgruppen_Leistungswerte!$B$5:$F$35,5,FALSE)) | X53: =IF(T53="","",L53/W53*T53) | Y53: =IF(T53="","",X53*V53) | Z53: =IF(U53="",O53,O53+U53) -> 33 | AA53: =IF(X53="",R53,X53+R53) -> #DIV/0! | AB53: =IF(Y53="",S53,S53+Y53) -> #DIV/0!
A54: 50 | B54: Untergeschoss | C54: -1 | D54: Alle | F54: 11 | G54: 24.9 | H54: Fahrräder | J54: F2-1 | K54: V | L54: =IF(K54="NV","",G54) -> 24.9 | M54: M1 | N54: =IF(K54="NV","",IF(VLOOKUP(M54,'R_Häufigkeit_Faktoren UHR'!$B$4:$I$24,7,FALSE)=0,"",VLOOKUP(M54,'R_Häufigkeit_Faktoren UHR'!$B$4:$I$24,7,FALSE))) -> 1 | O54: =IF(N54="","",N54*L54) -> 24.9 | Q54: =IF(N54="","",VLOOKUP(J54,Raumgruppen_Leistungswerte!$B$5:$F$35,5,FALSE)) -> 0 | R54: =IF(N54="","",L54/Q54*N54) -> #DIV/0! | S54: =IF(K54="NV","",R54*P54) -> #DIV/0! | T54: =IF(K54="NV","",IF(VLOOKUP(M54,'R_Häufigkeit_Faktoren UHR'!$B$4:$I$24,8,FALSE)=0,"",VLOOKUP(M54,'R_Häufigkeit_Faktoren UHR'!$B$4:$I$24,8,FALSE))) | U54: =IF(T54="","",T54*L54) | W54: =IF(T54="","",VLOOKUP(J54,Raumgruppen_Leistungswerte!$B$5:$F$35,5,FALSE)) | X54: =IF(T54="","",L54/W54*T54) | Y54: =IF(T54="","",X54*V54) | Z54: =IF(U54="",O54,O54+U54) -> 24.9 | AA54: =IF(X54="",R54,X54+R54) -> #DIV/0! | AB54: =IF(Y54="",S54,S54+Y54) -> #DIV/0!
A55: 51 | B55: Untergeschoss | C55: -1 | D55: Technik | F55: 12 | G55: 7.5 | H55: Schaltraum | J55: J | K55: NV | L55: =IF(K55="NV","",G55) | N55: =IF(K55="NV","",IF(VLOOKUP(M55,'R_Häufigkeit_Faktoren UHR'!$B$4:$I$24,7,FALSE)=0,"",VLOOKUP(M55,'R_Häufigkeit_Faktoren UHR'!$B$4:$I$24,7,FALSE))) | O55: =IF(N55="","",N55*L55) | Q55: =IF(N55="","",VLOOKUP(J55,Raumgruppen_Leistungswerte!$B$5:$F$35,5,FALSE)) | R55: =IF(N55="","",L55/Q55*N55) | S55: =IF(K55="NV","",R55*P55) | T55: =IF(K55="NV","",IF(VLOOKUP(M55,'R_Häufigkeit_Faktoren UHR'!$B$4:$I$24,8,FALSE)=0,"",VLOOKUP(M55,'R_Häufigkeit_Faktoren UHR'!$B$4:$I$24,8,FALSE))) | U55: =IF(T55="","",T55*L55) | W55: =IF(T55="","",VLOOKUP(J55,Raumgruppen_Leistungswerte!$B$5:$F$35,5,FALSE)) | X55: =IF(T55="","",L55/W55*T55) | Y55: =IF(T55="","",X55*V55) | Z55: =IF(U55="",O55,O55+U55) | AA55: =IF(X55="",R55,X55+R55) | AB55: =IF(Y55="",S55,S55+Y55)
A56: 52 | B56: Untergeschoss | C56: -1 | D56: Technik | F56: 13 | G56: 36.1 | H56: Außenluft | J56: J | K56: NV | L56: =IF(K56="NV","",G56) | N56: =IF(K56="NV","",IF(VLOOKUP(M56,'R_Häufigkeit_Faktoren UHR'!$B$4:$I$24,7,FALSE)=0,"",VLOOKUP(M56,'R_Häufigkeit_Faktoren UHR'!$B$4:$I$24,7,FALSE))) | O56: =IF(N56="","",N56*L56) | Q56: =IF(N56="","",VLOOKUP(J56,Raumgruppen_Leistungswerte!$B$5:$F$35,5,FALSE)) | R56: =IF(N56="","",L56/Q56*N56) | S56: =IF(K56="NV","",R56*P56) | T56: =IF(K56="NV","",IF(VLOOKUP(M56,'R_Häufigkeit_Faktoren UHR'!$B$4:$I$24,8,FALSE)=0,"",VLOOKUP(M56,'R_Häufigkeit_Faktoren UHR'!$B$4:$I$24,8,FALSE))) | U56: =IF(T56="","",T56*L56) | W56: =IF(T56="","",VLOOKUP(J56,Raumgruppen_Leistungswerte!$B$5:$F$35,5,FALSE)) | X56: =IF(T56="","",L56/W56*T56) | Y56: =IF(T56="","",X56*V56) | Z56: =IF(U56="",O56,O56+U56) | AA56: =IF(X56="",R56,X56+R56) | AB56: =IF(Y56="",S56,S56+Y56)
A57: 53 | B57: Untergeschoss | C57: -1 | D57: Alle | F57: 27 | G57: 33.4 | H57: Müllraum | J57: I3 | K57: V | L57: =IF(K57="NV","",G57) -> 33.4 | M57: M1 | N57: =IF(K57="NV","",IF(VLOOKUP(M57,'R_Häufigkeit_Faktoren UHR'!$B$4:$I$24,7,FALSE)=0,"",VLOOKUP(M57,'R_Häufigkeit_Faktoren UHR'!$B$4:$I$24,7,FALSE))) -> 1 | O57: =IF(N57="","",N57*L57) -> 33.4 | Q57: =IF(N57="","",VLOOKUP(J57,Raumgruppen_Leistungswerte!$B$5:$F$35,5,FALSE)) -> 0 | R57: =IF(N57="","",L57/Q57*N57) -> #DIV/0! | S57: =IF(K57="NV","",R57*P57) -> #DIV/0! | T57: =IF(K57="NV","",IF(VLOOKUP(M57,'R_Häufigkeit_Faktoren UHR'!$B$4:$I$24,8,FALSE)=0,"",VLOOKUP(M57,'R_Häufigkeit_Faktoren UHR'!$B$4:$I$24,8,FALSE))) | U57: =IF(T57="","",T57*L57) | W57: =IF(T57="","",VLOOKUP(J57,Raumgruppen_Leistungswerte!$B$5:$F$35,5,FALSE)) | X57: =IF(T57="","",L57/W57*T57) | Y57: =IF(T57="","",X57*V57) | Z57: =IF(U57="",O57,O57+U57) -> 33.4 | AA57: =IF(X57="",R57,X57+R57) -> #DIV/0! | AB57: =IF(Y57="",S57,S57+Y57) -> #DIV/0!
A58: 54 | B58: Untergeschoss | C58: -1 | D58: Alle | F58: 28 | G58: 17.1 | H58: Müllraum | J58: I3 | K58: V | L58: =IF(K58="NV","",G58) -> 17.1 | M58: M1 | N58: =IF(K58="NV","",IF(VLOOKUP(M58,'R_Häufigkeit_Faktoren UHR'!$B$4:$I$24,7,FALSE)=0,"",VLOOKUP(M58,'R_Häufigkeit_Faktoren UHR'!$B$4:$I$24,7,FALSE))) -> 1 | O58: =IF(N58="","",N58*L58) -> 17.1 | Q58: =IF(N58="","",VLOOKUP(J58,Raumgruppen_Leistungswerte!$B$5:$F$35,5,FALSE)) -> 0 | R58: =IF(N58="","",L58/Q58*N58) -> #DIV/0! | S58: =IF(K58="NV","",R58*P58) -> #DIV/0! | T58: =IF(K58="NV","",IF(VLOOKUP(M58,'R_Häufigkeit_Faktoren UHR'!$B$4:$I$24,8,FALSE)=0,"",VLOOKUP(M58,'R_Häufigkeit_Faktoren UHR'!$B$4:$I$24,8,FALSE))) | U58: =IF(T58="","",T58*L58) | W58: =IF(T58="","",VLOOKUP(J58,Raumgruppen_Leistungswerte!$B$5:$F$35,5,FALSE)) | X58: =IF(T58="","",L58/W58*T58) | Y58: =IF(T58="","",X58*V58) | Z58: =IF(U58="",O58,O58+U58) -> 17.1 | AA58: =IF(X58="",R58,X58+R58) -> #DIV/0! | AB58: =IF(Y58="",S58,S58+Y58) -> #DIV/0!
A59: 55 | B59: Untergeschoss | C59: -1 | D59: Technik | F59: 08.1 | G59: 6.7 | H59: Haustechnik | J59: J | K59: NV | L59: =IF(K59="NV","",G59) | N59: =IF(K59="NV","",IF(VLOOKUP(M59,'R_Häufigkeit_Faktoren UHR'!$B$4:$I$24,7,FALSE)=0,"",VLOOKUP(M59,'R_Häufigkeit_Faktoren UHR'!$B$4:$I$24,7,FALSE))) | O59: =IF(N59="","",N59*L59) | Q59: =IF(N59="","",VLOOKUP(J59,Raumgruppen_Leistungswerte!$B$5:$F$35,5,FALSE)) | R59: =IF(N59="","",L59/Q59*N59) | S59: =IF(K59="NV","",R59*P59) | T59: =IF(K59="NV","",IF(VLOOKUP(M59,'R_Häufigkeit_Faktoren UHR'!$B$4:$I$24,8,FALSE)=0,"",VLOOKUP(M59,'R_Häufigkeit_Faktoren UHR'!$B$4:$I$24,8,FALSE))) | U59: =IF(T59="","",T59*L59) | W59: =IF(T59="","",VLOOKUP(J59,Raumgruppen_Leistungswerte!$B$5:$F$35,5,FALSE)) | X59: =IF(T59="","",L59/W59*T59) | Y59: =IF(T59="","",X59*V59) | Z59: =IF(U59="",O59,O59+U59) | AA59: =IF(X59="",R59,X59+R59) | AB59: =IF(Y59="",S59,S59+Y59)
A60: 56 | B60: Untergeschoss | C60: -1 | D60: Technik | F60: A01 | G60: 6.2 | H60: Aufzug | J60: F2-1 | K60: V | L60: =IF(K60="NV","",G60) -> 6.2 | M60: 3 | N60: =IF(K60="NV","",IF(VLOOKUP(M60,'R_Häufigkeit_Faktoren UHR'!$B$4:$I$24,7,FALSE)=0,"",VLOOKUP(M60,'R_Häufigkeit_Faktoren UHR'!$B$4:$I$24,7,FALSE))) -> 13.035714 | O60: =IF(N60="","",N60*L60) -> 80.821429 | Q60: =IF(N60="","",VLOOKUP(J60,Raumgruppen_Leistungswerte!$B$5:$F$35,5,FALSE)) -> 0 | R60: =IF(N60="","",L60/Q60*N60) -> #DIV/0! | S60: =IF(K60="NV","",R60*P60) -> #DIV/0! | T60: =IF(K60="NV","",IF(VLOOKUP(M60,'R_Häufigkeit_Faktoren UHR'!$B$4:$I$24,8,FALSE)=0,"",VLOOKUP(M60,'R_Häufigkeit_Faktoren UHR'!$B$4:$I$24,8,FALSE))) | U60: =IF(T60="","",T60*L60) | W60: =IF(T60="","",VLOOKUP(J60,Raumgruppen_Leistungswerte!$B$5:$F$35,5,FALSE)) | X60: =IF(T60="","",L60/W60*T60) | Y60: =IF(T60="","",X60*V60) | Z60: =IF(U60="",O60,O60+U60) -> 80.821429 | AA60: =IF(X60="",R60,X60+R60) -> #DIV/0! | AB60: =IF(Y60="",S60,S60+Y60) -> #DIV/0!
A61: 57 | B61: Untergeschoss | C61: -1 | D61: Technik | F61: A02 | G61: 3.2 | H61: Aufzug | J61: F2-1 | K61: V | L61: =IF(K61="NV","",G61) -> 3.2 | M61: 3 | N61: =IF(K61="NV","",IF(VLOOKUP(M61,'R_Häufigkeit_Faktoren UHR'!$B$4:$I$24,7,FALSE)=0,"",VLOOKUP(M61,'R_Häufigkeit_Faktoren UHR'!$B$4:$I$24,7,FALSE))) -> 13.035714 | O61: =IF(N61="","",N61*L61) -> 41.714286 | Q61: =IF(N61="","",VLOOKUP(J61,Raumgruppen_Leistungswerte!$B$5:$F$35,5,FALSE)) -> 0 | R61: =IF(N61="","",L61/Q61*N61) -> #DIV/0! | S61: =IF(K61="NV","",R61*P61) -> #DIV/0! | T61: =IF(K61="NV","",IF(VLOOKUP(M61,'R_Häufigkeit_Faktoren UHR'!$B$4:$I$24,8,FALSE)=0,"",VLOOKUP(M61,'R_Häufigkeit_Faktoren UHR'!$B$4:$I$24,8,FALSE))) | U61: =IF(T61="","",T61*L61) | W61: =IF(T61="","",VLOOKUP(J61,Raumgruppen_Leistungswerte!$B$5:$F$35,5,FALSE)) | X61: =IF(T61="","",L61/W61*T61) | Y61: =IF(T61="","",X61*V61) | Z61: =IF(U61="",O61,O61+U61) -> 41.714286 | AA61: =IF(X61="",R61,X61+R61) -> #DIV/0! | AB61: =IF(Y61="",S61,S61+Y61) -> #DIV/0!
A62: 58 | B62: Untergeschoss | C62: -1 | D62: Technik | F62: A03 | G62: 6.2 | H62: Aufzug | J62: F2-1 | K62: V | L62: =IF(K62="NV","",G62) -> 6.2 | M62: 3 | N62: =IF(K62="NV","",IF(VLOOKUP(M62,'R_Häufigkeit_Faktoren UHR'!$B$4:$I$24,7,FALSE)=0,"",VLOOKUP(M62,'R_Häufigkeit_Faktoren UHR'!$B$4:$I$24,7,FALSE))) -> 13.035714 | O62: =IF(N62="","",N62*L62) -> 80.821429 | Q62: =IF(N62="","",VLOOKUP(J62,Raumgruppen_Leistungswerte!$B$5:$F$35,5,FALSE)) -> 0 | R62: =IF(N62="","",L62/Q62*N62) -> #DIV/0! | S62: =IF(K62="NV","",R62*P62) -> #DIV/0! | T62: =IF(K62="NV","",IF(VLOOKUP(M62,'R_Häufigkeit_Faktoren UHR'!$B$4:$I$24,8,FALSE)=0,"",VLOOKUP(M62,'R_Häufigkeit_Faktoren UHR'!$B$4:$I$24,8,FALSE))) | U62: =IF(T62="","",T62*L62) | W62: =IF(T62="","",VLOOKUP(J62,Raumgruppen_Leistungswerte!$B$5:$F$35,5,FALSE)) | X62: =IF(T62="","",L62/W62*T62) | Y62: =IF(T62="","",X62*V62) | Z62: =IF(U62="",O62,O62+U62) -> 80.821429 | AA62: =IF(X62="",R62,X62+R62) -> #DIV/0! | AB62: =IF(Y62="",S62,S62+Y62) -> #DIV/0!
A63: 59 | B63: Untergeschoss | C63: -1 | D63: Technik | F63: A04 | G63: 4.5 | H63: Aufzug | J63: F2-1 | K63: V | L63: =IF(K63="NV","",G63) -> 4.5 | M63: 3 | N63: =IF(K63="NV","",IF(VLOOKUP(M63,'R_Häufigkeit_Faktoren UHR'!$B$4:$I$24,7,FALSE)=0,"",VLOOKUP(M63,'R_Häufigkeit_Faktoren UHR'!$B$4:$I$24,7,FALSE))) -> 13.035714 | O63: =IF(N63="","",N63*L63) -> 58.660714 | Q63: =IF(N63="","",VLOOKUP(J63,Raumgruppen_Leistungswerte!$B$5:$F$35,5,FALSE)) -> 0 | R63: =IF(N63="","",L63/Q63*N63) -> #DIV/0! | S63: =IF(K63="NV","",R63*P63) -> #DIV/0! | T63: =IF(K63="NV","",IF(VLOOKUP(M63,'R_Häufigkeit_Faktoren UHR'!$B$4:$I$24,8,FALSE)=0,"",VLOOKUP(M63,'R_Häufigkeit_Faktoren UHR'!$B$4:$I$24,8,FALSE))) | U63: =IF(T63="","",T63*L63) | W63: =IF(T63="","",VLOOKUP(J63,Raumgruppen_Leistungswerte!$B$5:$F$35,5,FALSE)) | X63: =IF(T63="","",L63/W63*T63) | Y63: =IF(T63="","",X63*V63) | Z63: =IF(U63="",O63,O63+U63) -> 58.660714 | AA63: =IF(X63="",R63,X63+R63) -> #DIV/0! | AB63: =IF(Y63="",S63,S63+Y63) -> #DIV/0!
A64: 60 | B64: Untergeschoss | C64: -1 | D64: Technik | F64: A06 | G64: 6.2 | H64: Aufzug optional | J64: F2-1 | K64: NV | L64: =IF(K64="NV","",G64) | N64: =IF(K64="NV","",IF(VLOOKUP(M64,'R_Häufigkeit_Faktoren UHR'!$B$4:$I$24,7,FALSE)=0,"",VLOOKUP(M64,'R_Häufigkeit_Faktoren UHR'!$B$4:$I$24,7,FALSE))) | O64: =IF(N64="","",N64*L64) | Q64: =IF(N64="","",VLOOKUP(J64,Raumgruppen_Leistungswerte!$B$5:$F$35,5,FALSE)) | R64: =IF(N64="","",L64/Q64*N64) | S64: =IF(K64="NV","",R64*P64) | T64: =IF(K64="NV","",IF(VLOOKUP(M64,'R_Häufigkeit_Faktoren UHR'!$B$4:$I$24,8,FALSE)=0,"",VLOOKUP(M64,'R_Häufigkeit_Faktoren UHR'!$B$4:$I$24,8,FALSE))) | U64: =IF(T64="","",T64*L64) | W64: =IF(T64="","",VLOOKUP(J64,Raumgruppen_Leistungswerte!$B$5:$F$35,5,FALSE)) | X64: =IF(T64="","",L64/W64*T64) | Y64: =IF(T64="","",X64*V64) | Z64: =IF(U64="",O64,O64+U64) | AA64: =IF(X64="",R64,X64+R64) | AB64: =IF(Y64="",S64,S64+Y64)
A65: 61 | B65: Untergeschoss | C65: -1 | D65: Alle | F65: TH1-01 | G65: 20.6 | H65: Treppenhaus | J65: F2-1 | K65: V | L65: =IF(K65="NV","",G65) -> 20.6 | M65: 3 | N65: =IF(K65="NV","",IF(VLOOKUP(M65,'R_Häufigkeit_Faktoren UHR'!$B$4:$I$24,7,FALSE)=0,"",VLOOKUP(M65,'R_Häufigkeit_Faktoren UHR'!$B$4:$I$24,7,FALSE))) -> 13.035714 | O65: =IF(N65="","",N65*L65) -> 268.53571 | Q65: =IF(N65="","",VLOOKUP(J65,Raumgruppen_Leistungswerte!$B$5:$F$35,5,FALSE)) -> 0 | R65: =IF(N65="","",L65/Q65*N65) -> #DIV/0! | S65: =IF(K65="NV","",R65*P65) -> #DIV/0! | T65: =IF(K65="NV","",IF(VLOOKUP(M65,'R_Häufigkeit_Faktoren UHR'!$B$4:$I$24,8,FALSE)=0,"",VLOOKUP(M65,'R_Häufigkeit_Faktoren UHR'!$B$4:$I$24,8,FALSE))) | U65: =IF(T65="","",T65*L65) | W65: =IF(T65="","",VLOOKUP(J65,Raumgruppen_Leistungswerte!$B$5:$F$35,5,FALSE)) | X65: =IF(T65="","",L65/W65*T65) | Y65: =IF(T65="","",X65*V65) | Z65: =IF(U65="",O65,O65+U65) -> 268.53571 | AA65: =IF(X65="",R65,X65+R65) -> #DIV/0! | AB65: =IF(Y65="",S65,S65+Y65) -> #DIV/0!
A66: 62 | B66: Untergeschoss | C66: -1 | D66: Technik | F66: TH1-02 | G66: 14.3 | H66: Schleuse | J66: J | K66: NV | L66: =IF(K66="NV","",G66) | N66: =IF(K66="NV","",IF(VLOOKUP(M66,'R_Häufigkeit_Faktoren UHR'!$B$4:$I$24,7,FALSE)=0,"",VLOOKUP(M66,'R_Häufigkeit_Faktoren UHR'!$B$4:$I$24,7,FALSE))) | O66: =IF(N66="","",N66*L66) | Q66: =IF(N66="","",VLOOKUP(J66,Raumgruppen_Leistungswerte!$B$5:$F$35,5,FALSE)) | R66: =IF(N66="","",L66/Q66*N66) | S66: =IF(K66="NV","",R66*P66) | T66: =IF(K66="NV","",IF(VLOOKUP(M66,'R_Häufigkeit_Faktoren UHR'!$B$4:$I$24,8,FALSE)=0,"",VLOOKUP(M66,'R_Häufigkeit_Faktoren UHR'!$B$4:$I$24,8,FALSE))) | U66: =IF(T66="","",T66*L66) | W66: =IF(T66="","",VLOOKUP(J66,Raumgruppen_Leistungswerte!$B$5:$F$35,5,FALSE)) | X66: =IF(T66="","",L66/W66*T66) | Y66: =IF(T66="","",X66*V66) | Z66: =IF(U66="",O66,O66+U66) | AA66: =IF(X66="",R66,X66+R66) | AB66: =IF(Y66="",S66,S66+Y66)
A67: 63 | B67: Untergeschoss | C67: -1 | D67: Alle | F67: TH1-03 | G67: 16.6 | H67: Vorraum | J67: F2-1 | K67: V | L67: =IF(K67="NV","",G67) -> 16.6 | M67: 5 | N67: =IF(K67="NV","",IF(VLOOKUP(M67,'R_Häufigkeit_Faktoren UHR'!$B$4:$I$24,7,FALSE)=0,"",VLOOKUP(M67,'R_Häufigkeit_Faktoren UHR'!$B$4:$I$24,7,FALSE))) -> 20.917857 | O67: =IF(N67="","",N67*L67) -> 347.23643 | Q67: =IF(N67="","",VLOOKUP(J67,Raumgruppen_Leistungswerte!$B$5:$F$35,5,FALSE)) -> 0 | R67: =IF(N67="","",L67/Q67*N67) -> #DIV/0! | S67: =IF(K67="NV","",R67*P67) -> #DIV/0! | T67: =IF(K67="NV","",IF(VLOOKUP(M67,'R_Häufigkeit_Faktoren UHR'!$B$4:$I$24,8,FALSE)=0,"",VLOOKUP(M67,'R_Häufigkeit_Faktoren UHR'!$B$4:$I$24,8,FALSE))) | U67: =IF(T67="","",T67*L67) | W67: =IF(T67="","",VLOOKUP(J67,Raumgruppen_Leistungswerte!$B$5:$F$35,5,FALSE)) | X67: =IF(T67="","",L67/W67*T67) | Y67: =IF(T67="","",X67*V67) | Z67: =IF(U67="",O67,O67+U67) -> 347.23643 | AA67: =IF(X67="",R67,X67+R67) -> #DIV/0! | AB67: =IF(Y67="",S67,S67+Y67) -> #DIV/0!
A68: 64 | B68: Untergeschoss | C68: -1 | D68: Alle | F68: TH2-01 | G68: 23.8 | H68: Treppenhaus | J68: F2-1 | K68: V | L68: =IF(K68="NV","",G68) -> 23.8 | M68: 3 | N68: =IF(K68="NV","",IF(VLOOKUP(M68,'R_Häufigkeit_Faktoren UHR'!$B$4:$I$24,7,FALSE)=0,"",VLOOKUP(M68,'R_Häufigkeit_Faktoren UHR'!$B$4:$I$24,7,FALSE))) -> 13.035714 | O68: =IF(N68="","",N68*L68) -> 310.25 | Q68: =IF(N68="","",VLOOKUP(J68,Raumgruppen_Leistungswerte!$B$5:$F$35,5,FALSE)) -> 0 | R68: =IF(N68="","",L68/Q68*N68) -> #DIV/0! | S68: =IF(K68="NV","",R68*P68) -> #DIV/0! | T68: =IF(K68="NV","",IF(VLOOKUP(M68,'R_Häufigkeit_Faktoren UHR'!$B$4:$I$24,8,FALSE)=0,"",VLOOKUP(M68,'R_Häufigkeit_Faktoren UHR'!$B$4:$I$24,8,FALSE))) | U68: =IF(T68="","",T68*L68) | W68: =IF(T68="","",VLOOKUP(J68,Raumgruppen_Leistungswerte!$B$5:$F$35,5,FALSE)) | X68: =IF(T68="","",L68/W68*T68) | Y68: =IF(T68="","",X68*V68) | Z68: =IF(U68="",O68,O68+U68) -> 310.25 | AA68: =IF(X68="",R68,X68+R68) -> #DIV/0! | AB68: =IF(Y68="",S68,S68+Y68) -> #DIV/0!
A69: 65 | B69: Untergeschoss | C69: -1 | D69: Technik | F69: TH2-02 | G69: 18.5 | H69: Schleuse | J69: J | K69: NV | L69: =IF(K69="NV","",G69) | N69: =IF(K69="NV","",IF(VLOOKUP(M69,'R_Häufigkeit_Faktoren UHR'!$B$4:$I$24,7,FALSE)=0,"",VLOOKUP(M69,'R_Häufigkeit_Faktoren UHR'!$B$4:$I$24,7,FALSE))) | O69: =IF(N69="","",N69*L69) | Q69: =IF(N69="","",VLOOKUP(J69,Raumgruppen_Leistungswerte!$B$5:$F$35,5,FALSE)) | R69: =IF(N69="","",L69/Q69*N69) | S69: =IF(K69="NV","",R69*P69) | T69: =IF(K69="NV","",IF(VLOOKUP(M69,'R_Häufigkeit_Faktoren UHR'!$B$4:$I$24,8,FALSE)=0,"",VLOOKUP(M69,'R_Häufigkeit_Faktoren UHR'!$B$4:$I$24,8,FALSE))) | U69: =IF(T69="","",T69*L69) | W69: =IF(T69="","",VLOOKUP(J69,Raumgruppen_Leistungswerte!$B$5:$F$35,5,FALSE)) | X69: =IF(T69="","",L69/W69*T69) | Y69: =IF(T69="","",X69*V69) | Z69: =IF(U69="",O69,O69+U69) | AA69: =IF(X69="",R69,X69+R69) | AB69: =IF(Y69="",S69,S69+Y69)
A70: 66 | B70: Untergeschoss | C70: -1 | D70: Alle | F70: TH2-03 | G70: 7 | H70: Vorraum | J70: F2-1 | K70: V | L70: =IF(K70="NV","",G70) -> 7 | M70: 5 | N70: =IF(K70="NV","",IF(VLOOKUP(M70,'R_Häufigkeit_Faktoren UHR'!$B$4:$I$24,7,FALSE)=0,"",VLOOKUP(M70,'R_Häufigkeit_Faktoren UHR'!$B$4:$I$24,7,FALSE))) -> 20.917857 | O70: =IF(N70="","",N70*L70) -> 146.425 | Q70: =IF(N70="","",VLOOKUP(J70,Raumgruppen_Leistungswerte!$B$5:$F$35,5,FALSE)) -> 0 | R70: =IF(N70="","",L70/Q70*N70) -> #DIV/0! | S70: =IF(K70="NV","",R70*P70) -> #DIV/0! | T70: =IF(K70="NV","",IF(VLOOKUP(M70,'R_Häufigkeit_Faktoren UHR'!$B$4:$I$24,8,FALSE)=0,"",VLOOKUP(M70,'R_Häufigkeit_Faktoren UHR'!$B$4:$I$24,8,FALSE))) | U70: =IF(T70="","",T70*L70) | W70: =IF(T70="","",VLOOKUP(J70,Raumgruppen_Leistungswerte!$B$5:$F$35,5,FALSE)) | X70: =IF(T70="","",L70/W70*T70) | Y70: =IF(T70="","",X70*V70) | Z70: =IF(U70="",O70,O70+U70) -> 146.425 | AA70: =IF(X70="",R70,X70+R70) -> #DIV/0! | AB70: =IF(Y70="",S70,S70+Y70) -> #DIV/0!
A71: 67 | B71: Untergeschoss | C71: -1 | D71: Alle | F71: TH4-1 | G71: 34.2 | H71: Treppenhaus | J71: F2-1 | K71: V | L71: =IF(K71="NV","",G71) -> 34.2 | M71: 3 | N71: =IF(K71="NV","",IF(VLOOKUP(M71,'R_Häufigkeit_Faktoren UHR'!$B$4:$I$24,7,FALSE)=0,"",VLOOKUP(M71,'R_Häufigkeit_Faktoren UHR'!$B$4:$I$24,7,FALSE))) -> 13.035714 | O71: =IF(N71="","",N71*L71) -> 445.82143 | Q71: =IF(N71="","",VLOOKUP(J71,Raumgruppen_Leistungswerte!$B$5:$F$35,5,FALSE)) -> 0 | R71: =IF(N71="","",L71/Q71*N71) -> #DIV/0! | S71: =IF(K71="NV","",R71*P71) -> #DIV/0! | T71: =IF(K71="NV","",IF(VLOOKUP(M71,'R_Häufigkeit_Faktoren UHR'!$B$4:$I$24,8,FALSE)=0,"",VLOOKUP(M71,'R_Häufigkeit_Faktoren UHR'!$B$4:$I$24,8,FALSE))) | U71: =IF(T71="","",T71*L71) | W71: =IF(T71="","",VLOOKUP(J71,Raumgruppen_Leistungswerte!$B$5:$F$35,5,FALSE)) | X71: =IF(T71="","",L71/W71*T71) | Y71: =IF(T71="","",X71*V71) | Z71: =IF(U71="",O71,O71+U71) -> 445.82143 | AA71: =IF(X71="",R71,X71+R71) -> #DIV/0! | AB71: =IF(Y71="",S71,S71+Y71) -> #DIV/0!
A72: 68 | B72: Untergeschoss | C72: -1 | D72: Technik | F72: TH4-2 | G72: 3.9 | H72: Schleuse | J72: J | K72: NV | L72: =IF(K72="NV","",G72) | N72: =IF(K72="NV","",IF(VLOOKUP(M72,'R_Häufigkeit_Faktoren UHR'!$B$4:$I$24,7,FALSE)=0,"",VLOOKUP(M72,'R_Häufigkeit_Faktoren UHR'!$B$4:$I$24,7,FALSE))) | O72: =IF(N72="","",N72*L72) | Q72: =IF(N72="","",VLOOKUP(J72,Raumgruppen_Leistungswerte!$B$5:$F$35,5,FALSE)) | R72: =IF(N72="","",L72/Q72*N72) | S72: =IF(K72="NV","",R72*P72) | T72: =IF(K72="NV","",IF(VLOOKUP(M72,'R_Häufigkeit_Faktoren UHR'!$B$4:$I$24,8,FALSE)=0,"",VLOOKUP(M72,'R_Häufigkeit_Faktoren UHR'!$B$4:$I$24,8,FALSE))) | U72: =IF(T72="","",T72*L72) | W72: =IF(T72="","",VLOOKUP(J72,Raumgruppen_Leistungswerte!$B$5:$F$35,5,FALSE)) | X72: =IF(T72="","",L72/W72*T72) | Y72: =IF(T72="","",X72*V72) | Z72: =IF(U72="",O72,O72+U72) | AA72: =IF(X72="",R72,X72+R72) | AB72: =IF(Y72="",S72,S72+Y72)
A73: 69 | B73: Telemedizin | C73: 0E | D73: Center Nursing Care | E73: 1 | F73: F01 | G73: 16.6 | H73: Flur | I73: Teppich | J73: F1-2 | K73: V | L73: =IF(K73="NV","",G73) -> 16.6 | M73: 5 | N73: =IF(K73="NV","",IF(VLOOKUP(M73,'R_Häufigkeit_Faktoren UHR'!$B$4:$I$24,7,FALSE)=0,"",VLOOKUP(M73,'R_Häufigkeit_Faktoren UHR'!$B$4:$I$24,7,FALSE))) -> 20.917857 | O73: =IF(N73="","",N73*L73) -> 347.23643 | Q73: =IF(N73="","",VLOOKUP(J73,Raumgruppen_Leistungswerte!$B$5:$F$35,5,FALSE)) -> 0 | R73: =IF(N73="","",L73/Q73*N73) -> #DIV/0! | S73: =IF(K73="NV","",R73*P73) -> #DIV/0! | T73: =IF(K73="NV","",IF(VLOOKUP(M73,'R_Häufigkeit_Faktoren UHR'!$B$4:$I$24,8,FALSE)=0,"",VLOOKUP(M73,'R_Häufigkeit_Faktoren UHR'!$B$4:$I$24,8,FALSE))) | U73: =IF(T73="","",T73*L73) | W73: =IF(T73="","",VLOOKUP(J73,Raumgruppen_Leistungswerte!$B$5:$F$35,5,FALSE)) | X73: =IF(T73="","",L73/W73*T73) | Y73: =IF(T73="","",X73*V73) | Z73: =IF(U73="",O73,O73+U73) -> 347.23643 | AA73: =IF(X73="",R73,X73+R73) -> #DIV/0! | AB73: =IF(Y73="",S73,S73+Y73) -> #DIV/0!
A74: 70 | B74: Telemedizin | C74: 0E | D74: Hebammenakademie | E74: 1 | F74: HEB01 | G74: 18.7 | H74: Leitungsbüro | I74: Teppich | J74: B1 | K74: V | L74: =IF(K74="NV","",G74) -> 18.7 | M74: 1 | N74: =IF(K74="NV","",IF(VLOOKUP(M74,'R_Häufigkeit_Faktoren UHR'!$B$4:$I$24,7,FALSE)=0,"",VLOOKUP(M74,'R_Häufigkeit_Faktoren UHR'!$B$4:$I$24,7,FALSE))) -> 4.3452381 | O74: =IF(N74="","",N74*L74) -> 81.255952 | Q74: =IF(N74="","",VLOOKUP(J74,Raumgruppen_Leistungswerte!$B$5:$F$35,5,FALSE)) -> 0 | R74: =IF(N74="","",L74/Q74*N74) -> #DIV/0! | S74: =IF(K74="NV","",R74*P74) -> #DIV/0! | T74: =IF(K74="NV","",IF(VLOOKUP(M74,'R_Häufigkeit_Faktoren UHR'!$B$4:$I$24,8,FALSE)=0,"",VLOOKUP(M74,'R_Häufigkeit_Faktoren UHR'!$B$4:$I$24,8,FALSE))) | U74: =IF(T74="","",T74*L74) | W74: =IF(T74="","",VLOOKUP(J74,Raumgruppen_Leistungswerte!$B$5:$F$35,5,FALSE)) | X74: =IF(T74="","",L74/W74*T74) | Y74: =IF(T74="","",X74*V74) | Z74: =IF(U74="",O74,O74+U74) -> 81.255952 | AA74: =IF(X74="",R74,X74+R74) -> #DIV/0! | AB74: =IF(Y74="",S74,S74+Y74) -> #DIV/0!
A75: 71 | B75: Telemedizin | C75: 0E | D75: Center Nursing Care | E75: 1 | F75: N01 | G75: 19.2 | H75: Leitungsbüro | I75: Teppich | J75: B1 | K75: V | L75: =IF(K75="NV","",G75) -> 19.2 | M75: 1 | N75: =IF(K75="NV","",IF(VLOOKUP(M75,'R_Häufigkeit_Faktoren UHR'!$B$4:$I$24,7,FALSE)=0,"",VLOOKUP(M75,'R_Häufigkeit_Faktoren UHR'!$B$4:$I$24,7,FALSE))) -> 4.3452381 | O75: =IF(N75="","",N75*L75) -> 83.428571 | Q75: =IF(N75="","",VLOOKUP(J75,Raumgruppen_Leistungswerte!$B$5:$F$35,5,FALSE)) -> 0 | R75: =IF(N75="","",L75/Q75*N75) -> #DIV/0! | S75: =IF(K75="NV","",R75*P75) -> #DIV/0! | T75: =IF(K75="NV","",IF(VLOOKUP(M75,'R_Häufigkeit_Faktoren UHR'!$B$4:$I$24,8,FALSE)=0,"",VLOOKUP(M75,'R_Häufigkeit_Faktoren UHR'!$B$4:$I$24,8,FALSE))) | U75: =IF(T75="","",T75*L75) | W75: =IF(T75="","",VLOOKUP(J75,Raumgruppen_Leistungswerte!$B$5:$F$35,5,FALSE)) | X75: =IF(T75="","",L75/W75*T75) | Y75: =IF(T75="","",X75*V75) | Z75: =IF(U75="",O75,O75+U75) -> 83.428571 | AA75: =IF(X75="",R75,X75+R75) -> #DIV/0! | AB75: =IF(Y75="",S75,S75+Y75) -> #DIV/0!
A76: 72 | B76: Telemedizin | C76: 0E | D76: Center Nursing Care | E76: 1 | F76: N02 | G76: 5.7 | H76: Sekretariat | I76: Teppich | J76: B2 | K76: V | L76: =IF(K76="NV","",G76) -> 5.7 | M76: 2 | N76: =IF(K76="NV","",IF(VLOOKUP(M76,'R_Häufigkeit_Faktoren UHR'!$B$4:$I$24,7,FALSE)=0,"",VLOOKUP(M76,'R_Häufigkeit_Faktoren UHR'!$B$4:$I$24,7,FALSE))) -> 8.6904762 | O76: =IF(N76="","",N76*L76) -> 49.535714 | Q76: =IF(N76="","",VLOOKUP(J76,Raumgruppen_Leistungswerte!$B$5:$F$35,5,FALSE)) -> 0 | R76: =IF(N76="","",L76/Q76*N76) -> #DIV/0! | S76: =IF(K76="NV","",R76*P76) -> #DIV/0! | T76: =IF(K76="NV","",IF(VLOOKUP(M76,'R_Häufigkeit_Faktoren UHR'!$B$4:$I$24,8,FALSE)=0,"",VLOOKUP(M76,'R_Häufigkeit_Faktoren UHR'!$B$4:$I$24,8,FALSE))) | U76: =IF(T76="","",T76*L76) | W76: =IF(T76="","",VLOOKUP(J76,Raumgruppen_Leistungswerte!$B$5:$F$35,5,FALSE)) | X76: =IF(T76="","",L76/W76*T76) | Y76: =IF(T76="","",X76*V76) | Z76: =IF(U76="",O76,O76+U76) -> 49.535714 | AA76: =IF(X76="",R76,X76+R76) -> #DIV/0! | AB76: =IF(Y76="",S76,S76+Y76) -> #DIV/0!
A77: 73 | B77: Telemedizin | C77: 0E | D77: Center Nursing Care | E77: 1 | F77: N04 | G77: 54.7 | H77: Aktionsfläche | I77: Teppich | J77: B2 | K77: V | L77: =IF(K77="NV","",G77) -> 54.7 | M77: 5 | N77: =IF(K77="NV","",IF(VLOOKUP(M77,'R_Häufigkeit_Faktoren UHR'!$B$4:$I$24,7,FALSE)=0,"",VLOOKUP(M77,'R_Häufigkeit_Faktoren UHR'!$B$4:$I$24,7,FALSE))) -> 20.917857 | O77: =IF(N77="","",N77*L77) -> 1144.2068 | Q77: =IF(N77="","",VLOOKUP(J77,Raumgruppen_Leistungswerte!$B$5:$F$35,5,FALSE)) -> 0 | R77: =IF(N77="","",L77/Q77*N77) -> #DIV/0! | S77: =IF(K77="NV","",R77*P77) -> #DIV/0! | T77: =IF(K77="NV","",IF(VLOOKUP(M77,'R_Häufigkeit_Faktoren UHR'!$B$4:$I$24,8,FALSE)=0,"",VLOOKUP(M77,'R_Häufigkeit_Faktoren UHR'!$B$4:$I$24,8,FALSE))) | U77: =IF(T77="","",T77*L77) | W77: =IF(T77="","",VLOOKUP(J77,Raumgruppen_Leistungswerte!$B$5:$F$35,5,FALSE)) | X77: =IF(T77="","",L77/W77*T77) | Y77: =IF(T77="","",X77*V77) | Z77: =IF(U77="",O77,O77+U77) -> 1144.2068 | AA77: =IF(X77="",R77,X77+R77) -> #DIV/0! | AB77: =IF(Y77="",S77,S77+Y77) -> #DIV/0!
A78: 74 | B78: Telemedizin | C78: 0E | D78: Center Nursing Care | E78: 1 | F78: N06 | G78: 1.3 | H78: Teeküche | I78: Fliesen | J78: H1 | K78: V | L78: =IF(K78="NV","",G78) -> 1.3 | M78: 5 | N78: =IF(K78="NV","",IF(VLOOKUP(M78,'R_Häufigkeit_Faktoren UHR'!$B$4:$I$24,7,FALSE)=0,"",VLOOKUP(M78,'R_Häufigkeit_Faktoren UHR'!$B$4:$I$24,7,FALSE))) -> 20.917857 | O78: =IF(N78="","",N78*L78) -> 27.193214 | Q78: =IF(N78="","",VLOOKUP(J78,Raumgruppen_Leistungswerte!$B$5:$F$35,5,FALSE)) -> 0 | R78: =IF(N78="","",L78/Q78*N78) -> #DIV/0! | S78: =IF(K78="NV","",R78*P78) -> #DIV/0! | T78: =IF(K78="NV","",IF(VLOOKUP(M78,'R_Häufigkeit_Faktoren UHR'!$B$4:$I$24,8,FALSE)=0,"",VLOOKUP(M78,'R_Häufigkeit_Faktoren UHR'!$B$4:$I$24,8,FALSE))) | U78: =IF(T78="","",T78*L78) | W78: =IF(T78="","",VLOOKUP(J78,Raumgruppen_Leistungswerte!$B$5:$F$35,5,FALSE)) | X78: =IF(T78="","",L78/W78*T78) | Y78: =IF(T78="","",X78*V78) | Z78: =IF(U78="",O78,O78+U78) -> 27.193214 | AA78: =IF(X78="",R78,X78+R78) -> #DIV/0! | AB78: =IF(Y78="",S78,S78+Y78) -> #DIV/0!
A79: 75 | B79: Telemedizin | C79: 0E | D79: Center Nursing Care | E79: 1 | F79: N07 | G79: 3.6 | H79: Lager | I79: Linoleum | J79: I1 | K79: V | L79: =IF(K79="NV","",G79) -> 3.6 | M79: 1 | N79: =IF(K79="NV","",IF(VLOOKUP(M79,'R_Häufigkeit_Faktoren UHR'!$B$4:$I$24,7,FALSE)=0,"",VLOOKUP(M79,'R_Häufigkeit_Faktoren UHR'!$B$4:$I$24,7,FALSE))) -> 4.3452381 | O79: =IF(N79="","",N79*L79) -> 15.642857 | Q79: =IF(N79="","",VLOOKUP(J79,Raumgruppen_Leistungswerte!$B$5:$F$35,5,FALSE)) -> 0 | R79: =IF(N79="","",L79/Q79*N79) -> #DIV/0! | S79: =IF(K79="NV","",R79*P79) -> #DIV/0! | T79: =IF(K79="NV","",IF(VLOOKUP(M79,'R_Häufigkeit_Faktoren UHR'!$B$4:$I$24,8,FALSE)=0,"",VLOOKUP(M79,'R_Häufigkeit_Faktoren UHR'!$B$4:$I$24,8,FALSE))) | U79: =IF(T79="","",T79*L79) | W79: =IF(T79="","",VLOOKUP(J79,Raumgruppen_Leistungswerte!$B$5:$F$35,5,FALSE)) | X79: =IF(T79="","",L79/W79*T79) | Y79: =IF(T79="","",X79*V79) | Z79: =IF(U79="",O79,O79+U79) -> 15.642857 | AA79: =IF(X79="",R79,X79+R79) -> #DIV/0! | AB79: =IF(Y79="",S79,S79+Y79) -> #DIV/0!
A80: 76 | B80: Telemedizin | C80: 0E | D80: Center Nursing Care | E80: 1 | F80: S11 | G80: 10.1 | H80: WC Herren | I80: Fliesen | J80: E | K80: V | L80: =IF(K80="NV","",G80) -> 10.1 | M80: 5 | N80: =IF(K80="NV","",IF(VLOOKUP(M80,'R_Häufigkeit_Faktoren UHR'!$B$4:$I$24,7,FALSE)=0,"",VLOOKUP(M80,'R_Häufigkeit_Faktoren UHR'!$B$4:$I$24,7,FALSE))) -> 20.917857 | O80: =IF(N80="","",N80*L80) -> 211.27036 | Q80: =IF(N80="","",VLOOKUP(J80,Raumgruppen_Leistungswerte!$B$5:$F$35,5,FALSE)) -> 0 | R80: =IF(N80="","",L80/Q80*N80) -> #DIV/0! | S80: =IF(K80="NV","",R80*P80) -> #DIV/0! | T80: =IF(K80="NV","",IF(VLOOKUP(M80,'R_Häufigkeit_Faktoren UHR'!$B$4:$I$24,8,FALSE)=0,"",VLOOKUP(M80,'R_Häufigkeit_Faktoren UHR'!$B$4:$I$24,8,FALSE))) | U80: =IF(T80="","",T80*L80) | W80: =IF(T80="","",VLOOKUP(J80,Raumgruppen_Leistungswerte!$B$5:$F$35,5,FALSE)) | X80: =IF(T80="","",L80/W80*T80) | Y80: =IF(T80="","",X80*V80) | Z80: =IF(U80="",O80,O80+U80) -> 211.27036 | AA80: =IF(X80="",R80,X80+R80) -> #DIV/0! | AB80: =IF(Y80="",S80,S80+Y80) -> #DIV/0!
A81: 77 | B81: Telemedizin | C81: 0E | D81: Center Nursing Care | E81: 1 | F81: S12 | G81: 10.1 | H81: WC Damen | I81: Fliesen | J81: E | K81: V | L81: =IF(K81="NV","",G81) -> 10.1 | M81: 5 | N81: =IF(K81="NV","",IF(VLOOKUP(M81,'R_Häufigkeit_Faktoren UHR'!$B$4:$I$24,7,FALSE)=0,"",VLOOKUP(M81,'R_Häufigkeit_Faktoren UHR'!$B$4:$I$24,7,FALSE))) -> 20.917857 | O81: =IF(N81="","",N81*L81) -> 211.27036 | Q81: =IF(N81="","",VLOOKUP(J81,Raumgruppen_Leistungswerte!$B$5:$F$35,5,FALSE)) -> 0 | R81: =IF(N81="","",L81/Q81*N81) -> #DIV/0! | S81: =IF(K81="NV","",R81*P81) -> #DIV/0! | T81: =IF(K81="NV","",IF(VLOOKUP(M81,'R_Häufigkeit_Faktoren UHR'!$B$4:$I$24,8,FALSE)=0,"",VLOOKUP(M81,'R_Häufigkeit_Faktoren UHR'!$B$4:$I$24,8,FALSE))) | U81: =IF(T81="","",T81*L81) | W81: =IF(T81="","",VLOOKUP(J81,Raumgruppen_Leistungswerte!$B$5:$F$35,5,FALSE)) | X81: =IF(T81="","",L81/W81*T81) | Y81: =IF(T81="","",X81*V81) | Z81: =IF(U81="",O81,O81+U81) -> 211.27036 | AA81: =IF(X81="",R81,X81+R81) -> #DIV/0! | AB81: =IF(Y81="",S81,S81+Y81) -> #DIV/0!
A82: 78 | B82: Telemedizin | C82: 0E | D82: Alle | E82: 1 | F82: TH03-01 | G82: 38.8 | H82: Treppenhaus | I82: Betonwerkstein | J82: F2-1 | K82: V | L82: =IF(K82="NV","",G82) -> 38.8 | M82: 3 | N82: =IF(K82="NV","",IF(VLOOKUP(M82,'R_Häufigkeit_Faktoren UHR'!$B$4:$I$24,7,FALSE)=0,"",VLOOKUP(M82,'R_Häufigkeit_Faktoren UHR'!$B$4:$I$24,7,FALSE))) -> 13.035714 | O82: =IF(N82="","",N82*L82) -> 505.78571 | Q82: =IF(N82="","",VLOOKUP(J82,Raumgruppen_Leistungswerte!$B$5:$F$35,5,FALSE)) -> 0 | R82: =IF(N82="","",L82/Q82*N82) -> #DIV/0! | S82: =IF(K82="NV","",R82*P82) -> #DIV/0! | T82: =IF(K82="NV","",IF(VLOOKUP(M82,'R_Häufigkeit_Faktoren UHR'!$B$4:$I$24,8,FALSE)=0,"",VLOOKUP(M82,'R_Häufigkeit_Faktoren UHR'!$B$4:$I$24,8,FALSE))) | U82: =IF(T82="","",T82*L82) | W82: =IF(T82="","",VLOOKUP(J82,Raumgruppen_Leistungswerte!$B$5:$F$35,5,FALSE)) | X82: =IF(T82="","",L82/W82*T82) | Y82: =IF(T82="","",X82*V82) | Z82: =IF(U82="",O82,O82+U82) -> 505.78571 | AA82: =IF(X82="",R82,X82+R82) -> #DIV/0! | AB82: =IF(Y82="",S82,S82+Y82) -> #DIV/0!
A83: 79 | B83: Telemedizin | C83: 0E | D83: Center Nursing Care | E83: 1 | F83: TH1-01 | G83: 37.2 | H83: Flur | I83: Betonwerkstein | J83: F2-2 | K83: V | L83: =IF(K83="NV","",G83) -> 37.2 | M83: 5 | N83: =IF(K83="NV","",IF(VLOOKUP(M83,'R_Häufigkeit_Faktoren UHR'!$B$4:$I$24,7,FALSE)=0,"",VLOOKUP(M83,'R_Häufigkeit_Faktoren UHR'!$B$4:$I$24,7,FALSE))) -> 20.917857 | O83: =IF(N83="","",N83*L83) -> 778.14429 | Q83: =IF(N83="","",VLOOKUP(J83,Raumgruppen_Leistungswerte!$B$5:$F$35,5,FALSE)) -> 0 | R83: =IF(N83="","",L83/Q83*N83) -> #DIV/0! | S83: =IF(K83="NV","",R83*P83) -> #DIV/0! | T83: =IF(K83="NV","",IF(VLOOKUP(M83,'R_Häufigkeit_Faktoren UHR'!$B$4:$I$24,8,FALSE)=0,"",VLOOKUP(M83,'R_Häufigkeit_Faktoren UHR'!$B$4:$I$24,8,FALSE))) | U83: =IF(T83="","",T83*L83) | W83: =IF(T83="","",VLOOKUP(J83,Raumgruppen_Leistungswerte!$B$5:$F$35,5,FALSE)) | X83: =IF(T83="","",L83/W83*T83) | Y83: =IF(T83="","",X83*V83) | Z83: =IF(U83="",O83,O83+U83) -> 778.14429 | AA83: =IF(X83="",R83,X83+R83) -> #DIV/0! | AB83: =IF(Y83="",S83,S83+Y83) -> #DIV/0!
A84: 80 | B84: Telemedizin | C84: 0E | D84: Technik | E84: 1 | F84: TH1-02 | G84: 5.3 | H84: Schleuse | I84: Betonwerkstein | J84: F2-2 | K84: V | L84: =IF(K84="NV","",G84) -> 5.3 | M84: 5 | N84: =IF(K84="NV","",IF(VLOOKUP(M84,'R_Häufigkeit_Faktoren UHR'!$B$4:$I$24,7,FALSE)=0,"",VLOOKUP(M84,'R_Häufigkeit_Faktoren UHR'!$B$4:$I$24,7,FALSE))) -> 20.917857 | O84: =IF(N84="","",N84*L84) -> 110.86464 | Q84: =IF(N84="","",VLOOKUP(J84,Raumgruppen_Leistungswerte!$B$5:$F$35,5,FALSE)) -> 0 | R84: =IF(N84="","",L84/Q84*N84) -> #DIV/0! | S84: =IF(K84="NV","",R84*P84) -> #DIV/0! | T84: =IF(K84="NV","",IF(VLOOKUP(M84,'R_Häufigkeit_Faktoren UHR'!$B$4:$I$24,8,FALSE)=0,"",VLOOKUP(M84,'R_Häufigkeit_Faktoren UHR'!$B$4:$I$24,8,FALSE))) | U84: =IF(T84="","",T84*L84) | W84: =IF(T84="","",VLOOKUP(J84,Raumgruppen_Leistungswerte!$B$5:$F$35,5,FALSE)) | X84: =IF(T84="","",L84/W84*T84) | Y84: =IF(T84="","",X84*V84) | Z84: =IF(U84="",O84,O84+U84) -> 110.86464 | AA84: =IF(X84="",R84,X84+R84) -> #DIV/0! | AB84: =IF(Y84="",S84,S84+Y84) -> #DIV/0!
A85: 81 | B85: Telemedizin | C85: 0E | D85: Alle | E85: 1 | F85: TH1-03 | G85: 16.1 | H85: Aufzugsvorraum | I85: Betonwerkstein | J85: F2-2 | K85: V | L85: =IF(K85="NV","",G85) -> 16.1 | M85: 5 | N85: =IF(K85="NV","",IF(VLOOKUP(M85,'R_Häufigkeit_Faktoren UHR'!$B$4:$I$24,7,FALSE)=0,"",VLOOKUP(M85,'R_Häufigkeit_Faktoren UHR'!$B$4:$I$24,7,FALSE))) -> 20.917857 | O85: =IF(N85="","",N85*L85) -> 336.7775 | Q85: =IF(N85="","",VLOOKUP(J85,Raumgruppen_Leistungswerte!$B$5:$F$35,5,FALSE)) -> 0 | R85: =IF(N85="","",L85/Q85*N85) -> #DIV/0! | S85: =IF(K85="NV","",R85*P85) -> #DIV/0! | T85: =IF(K85="NV","",IF(VLOOKUP(M85,'R_Häufigkeit_Faktoren UHR'!$B$4:$I$24,8,FALSE)=0,"",VLOOKUP(M85,'R_Häufigkeit_Faktoren UHR'!$B$4:$I$24,8,FALSE))) | U85: =IF(T85="","",T85*L85) | W85: =IF(T85="","",VLOOKUP(J85,Raumgruppen_Leistungswerte!$B$5:$F$35,5,FALSE)) | X85: =IF(T85="","",L85/W85*T85) | Y85: =IF(T85="","",X85*V85) | Z85: =IF(U85="",O85,O85+U85) -> 336.7775 | AA85: =IF(X85="",R85,X85+R85) -> #DIV/0! | AB85: =IF(Y85="",S85,S85+Y85) -> #DIV/0!
A86: 82 | B86: Telemedizin | C86: 0E | D86: IZDM+TMZ | E86: 1 | F86: TM.01 | G86: 11.6 | H86: Windfang | J86: F1-2 | K86: V | L86: =IF(K86="NV","",G86) -> 11.6 | M86: 5 | N86: =IF(K86="NV","",IF(VLOOKUP(M86,'R_Häufigkeit_Faktoren UHR'!$B$4:$I$24,7,FALSE)=0,"",VLOOKUP(M86,'R_Häufigkeit_Faktoren UHR'!$B$4:$I$24,7,FALSE))) -> 20.917857 | O86: =IF(N86="","",N86*L86) -> 242.64714 | Q86: =IF(N86="","",VLOOKUP(J86,Raumgruppen_Leistungswerte!$B$5:$F$35,5,FALSE)) -> 0 | R86: =IF(N86="","",L86/Q86*N86) -> #DIV/0! | S86: =IF(K86="NV","",R86*P86) -> #DIV/0! | T86: =IF(K86="NV","",IF(VLOOKUP(M86,'R_Häufigkeit_Faktoren UHR'!$B$4:$I$24,8,FALSE)=0,"",VLOOKUP(M86,'R_Häufigkeit_Faktoren UHR'!$B$4:$I$24,8,FALSE))) | U86: =IF(T86="","",T86*L86) | W86: =IF(T86="","",VLOOKUP(J86,Raumgruppen_Leistungswerte!$B$5:$F$35,5,FALSE)) | X86: =IF(T86="","",L86/W86*T86) | Y86: =IF(T86="","",X86*V86) | Z86: =IF(U86="",O86,O86+U86) -> 242.64714 | AA86: =IF(X86="",R86,X86+R86) -> #DIV/0! | AB86: =IF(Y86="",S86,S86+Y86) -> #DIV/0!
A87: 83 | B87: Telemedizin | C87: 0E | D87: IZDM+TMZ | E87: 1 | F87: TM.02 | G87: 59.2 | H87: Empfang | I87: Betonwerkstein | J87: B2 | K87: V | L87: =IF(K87="NV","",G87) -> 59.2 | M87: 5 | N87: =IF(K87="NV","",IF(VLOOKUP(M87,'R_Häufigkeit_Faktoren UHR'!$B$4:$I$24,7,FALSE)=0,"",VLOOKUP(M87,'R_Häufigkeit_Faktoren UHR'!$B$4:$I$24,7,FALSE))) -> 20.917857 | O87: =IF(N87="","",N87*L87) -> 1238.3371 | Q87: =IF(N87="","",VLOOKUP(J87,Raumgruppen_Leistungswerte!$B$5:$F$35,5,FALSE)) -> 0 | R87: =IF(N87="","",L87/Q87*N87) -> #DIV/0! | S87: =IF(K87="NV","",R87*P87) -> #DIV/0! | T87: =IF(K87="NV","",IF(VLOOKUP(M87,'R_Häufigkeit_Faktoren UHR'!$B$4:$I$24,8,FALSE)=0,"",VLOOKUP(M87,'R_Häufigkeit_Faktoren UHR'!$B$4:$I$24,8,FALSE))) | U87: =IF(T87="","",T87*L87) | W87: =IF(T87="","",VLOOKUP(J87,Raumgruppen_Leistungswerte!$B$5:$F$35,5,FALSE)) | X87: =IF(T87="","",L87/W87*T87) | Y87: =IF(T87="","",X87*V87) | Z87: =IF(U87="",O87,O87+U87) -> 1238.3371 | AA87: =IF(X87="",R87,X87+R87) -> #DIV/0! | AB87: =IF(Y87="",S87,S87+Y87) -> #DIV/0!
A88: 84 | B88: Telemedizin | C88: 0E | D88: IZDM+TMZ | E88: 1 | F88: TM.03 | G88: 11.11 | H88: Backoffice/Teeküche | I88: Betonwerkstein | J88: H1 | K88: V | L88: =IF(K88="NV","",G88) -> 11.11 | M88: 5 | N88: =IF(K88="NV","",IF(VLOOKUP(M88,'R_Häufigkeit_Faktoren UHR'!$B$4:$I$24,7,FALSE)=0,"",VLOOKUP(M88,'R_Häufigkeit_Faktoren UHR'!$B$4:$I$24,7,FALSE))) -> 20.917857 | O88: =IF(N88="","",N88*L88) -> 232.39739 | Q88: =IF(N88="","",VLOOKUP(J88,Raumgruppen_Leistungswerte!$B$5:$F$35,5,FALSE)) -> 0 | R88: =IF(N88="","",L88/Q88*N88) -> #DIV/0! | S88: =IF(K88="NV","",R88*P88) -> #DIV/0! | T88: =IF(K88="NV","",IF(VLOOKUP(M88,'R_Häufigkeit_Faktoren UHR'!$B$4:$I$24,8,FALSE)=0,"",VLOOKUP(M88,'R_Häufigkeit_Faktoren UHR'!$B$4:$I$24,8,FALSE))) | U88: =IF(T88="","",T88*L88) | W88: =IF(T88="","",VLOOKUP(J88,Raumgruppen_Leistungswerte!$B$5:$F$35,5,FALSE)) | X88: =IF(T88="","",L88/W88*T88) | Y88: =IF(T88="","",X88*V88) | Z88: =IF(U88="",O88,O88+U88) -> 232.39739 | AA88: =IF(X88="",R88,X88+R88) -> #DIV/0! | AB88: =IF(Y88="",S88,S88+Y88) -> #DIV/0!
A89: 85 | B89: Telemedizin | C89: 0E | D89: IZDM+TMZ | E89: 1 | F89: TM.04 | G89: 9.5 | H89: Lager/2.Büro | I89: Linoleum | J89: I2 | K89: V | L89: =IF(K89="NV","",G89) -> 9.5 | M89: 1 | N89: =IF(K89="NV","",IF(VLOOKUP(M89,'R_Häufigkeit_Faktoren UHR'!$B$4:$I$24,7,FALSE)=0,"",VLOOKUP(M89,'R_Häufigkeit_Faktoren UHR'!$B$4:$I$24,7,FALSE))) -> 4.3452381 | O89: =IF(N89="","",N89*L89) -> 41.279762 | Q89: =IF(N89="","",VLOOKUP(J89,Raumgruppen_Leistungswerte!$B$5:$F$35,5,FALSE)) -> 0 | R89: =IF(N89="","",L89/Q89*N89) -> #DIV/0! | S89: =IF(K89="NV","",R89*P89) -> #DIV/0! | T89: =IF(K89="NV","",IF(VLOOKUP(M89,'R_Häufigkeit_Faktoren UHR'!$B$4:$I$24,8,FALSE)=0,"",VLOOKUP(M89,'R_Häufigkeit_Faktoren UHR'!$B$4:$I$24,8,FALSE))) | U89: =IF(T89="","",T89*L89) | W89: =IF(T89="","",VLOOKUP(J89,Raumgruppen_Leistungswerte!$B$5:$F$35,5,FALSE)) | X89: =IF(T89="","",L89/W89*T89) | Y89: =IF(T89="","",X89*V89) | Z89: =IF(U89="",O89,O89+U89) -> 41.279762 | AA89: =IF(X89="",R89,X89+R89) -> #DIV/0! | AB89: =IF(Y89="",S89,S89+Y89) -> #DIV/0!
A90: 86 | B90: Telemedizin | C90: 1 | D90: Alle | E90: 1 | F90: TH1-01 | G90: 21.5 | H90: Treppenhaus | I90: Betonwerkstein | J90: F2-1 | K90: V | L90: =IF(K90="NV","",G90) -> 21.5 | M90: 3 | N90: =IF(K90="NV","",IF(VLOOKUP(M90,'R_Häufigkeit_Faktoren UHR'!$B$4:$I$24,7,FALSE)=0,"",VLOOKUP(M90,'R_Häufigkeit_Faktoren UHR'!$B$4:$I$24,7,FALSE))) -> 13.035714 | O90: =IF(N90="","",N90*L90) -> 280.26786 | Q90: =IF(N90="","",VLOOKUP(J90,Raumgruppen_Leistungswerte!$B$5:$F$35,5,FALSE)) -> 0 | R90: =IF(N90="","",L90/Q90*N90) -> #DIV/0! | S90: =IF(K90="NV","",R90*P90) -> #DIV/0! | T90: =IF(K90="NV","",IF(VLOOKUP(M90,'R_Häufigkeit_Faktoren UHR'!$B$4:$I$24,8,FALSE)=0,"",VLOOKUP(M90,'R_Häufigkeit_Faktoren UHR'!$B$4:$I$24,8,FALSE))) | U90: =IF(T90="","",T90*L90) | W90: =IF(T90="","",VLOOKUP(J90,Raumgruppen_Leistungswerte!$B$5:$F$35,5,FALSE)) | X90: =IF(T90="","",L90/W90*T90) | Y90: =IF(T90="","",X90*V90) | Z90: =IF(U90="",O90,O90+U90) -> 280.26786 | AA90: =IF(X90="",R90,X90+R90) -> #DIV/0! | AB90: =IF(Y90="",S90,S90+Y90) -> #DIV/0!
A91: 87 | B91: Telemedizin | C91: 1 | D91: Technik | E91: 1 | F91: TH1-02 | G91: 6 | H91: Schleuse | I91: Betonwerkstein | J91: F2-2 | K91: V | L91: =IF(K91="NV","",G91) -> 6 | M91: 5 | N91: =IF(K91="NV","",IF(VLOOKUP(M91,'R_Häufigkeit_Faktoren UHR'!$B$4:$I$24,7,FALSE)=0,"",VLOOKUP(M91,'R_Häufigkeit_Faktoren UHR'!$B$4:$I$24,7,FALSE))) -> 20.917857 | O91: =IF(N91="","",N91*L91) -> 125.50714 | Q91: =IF(N91="","",VLOOKUP(J91,Raumgruppen_Leistungswerte!$B$5:$F$35,5,FALSE)) -> 0 | R91: =IF(N91="","",L91/Q91*N91) -> #DIV/0! | S91: =IF(K91="NV","",R91*P91) -> #DIV/0! | T91: =IF(K91="NV","",IF(VLOOKUP(M91,'R_Häufigkeit_Faktoren UHR'!$B$4:$I$24,8,FALSE)=0,"",VLOOKUP(M91,'R_Häufigkeit_Faktoren UHR'!$B$4:$I$24,8,FALSE))) | U91: =IF(T91="","",T91*L91) | W91: =IF(T91="","",VLOOKUP(J91,Raumgruppen_Leistungswerte!$B$5:$F$35,5,FALSE)) | X91: =IF(T91="","",L91/W91*T91) | Y91: =IF(T91="","",X91*V91) | Z91: =IF(U91="",O91,O91+U91) -> 125.50714 | AA91: =IF(X91="",R91,X91+R91) -> #DIV/0! | AB91: =IF(Y91="",S91,S91+Y91) -> #DIV/0!
A92: 88 | B92: Telemedizin | C92: 1 | D92: Alle | E92: 1 | F92: TH1-03 | G92: 16.7 | H92: Aufzugsvorraum | I92: Betonwerkstein | J92: F1-2 | K92: V | L92: =IF(K92="NV","",G92) -> 16.7 | M92: 5 | N92: =IF(K92="NV","",IF(VLOOKUP(M92,'R_Häufigkeit_Faktoren UHR'!$B$4:$I$24,7,FALSE)=0,"",VLOOKUP(M92,'R_Häufigkeit_Faktoren UHR'!$B$4:$I$24,7,FALSE))) -> 20.917857 | O92: =IF(N92="","",N92*L92) -> 349.32821 | Q92: =IF(N92="","",VLOOKUP(J92,Raumgruppen_Leistungswerte!$B$5:$F$35,5,FALSE)) -> 0 | R92: =IF(N92="","",L92/Q92*N92) -> #DIV/0! | S92: =IF(K92="NV","",R92*P92) -> #DIV/0! | T92: =IF(K92="NV","",IF(VLOOKUP(M92,'R_Häufigkeit_Faktoren UHR'!$B$4:$I$24,8,FALSE)=0,"",VLOOKUP(M92,'R_Häufigkeit_Faktoren UHR'!$B$4:$I$24,8,FALSE))) | U92: =IF(T92="","",T92*L92) | W92: =IF(T92="","",VLOOKUP(J92,Raumgruppen_Leistungswerte!$B$5:$F$35,5,FALSE)) | X92: =IF(T92="","",L92/W92*T92) | Y92: =IF(T92="","",X92*V92) | Z92: =IF(U92="",O92,O92+U92) -> 349.32821 | AA92: =IF(X92="",R92,X92+R92) -> #DIV/0! | AB92: =IF(Y92="",S92,S92+Y92) -> #DIV/0!
A93: 89 | B93: Telemedizin | C93: 1 | D93: Digitale Allgemeinmedizin | E93: 1 | F93: F-01 | G93: 12.9 | H93: Flur | I93: Teppich | J93: F1-2 | K93: V | L93: =IF(K93="NV","",G93) -> 12.9 | M93: 5 | N93: =IF(K93="NV","",IF(VLOOKUP(M93,'R_Häufigkeit_Faktoren UHR'!$B$4:$I$24,7,FALSE)=0,"",VLOOKUP(M93,'R_Häufigkeit_Faktoren UHR'!$B$4:$I$24,7,FALSE))) -> 20.917857 | O93: =IF(N93="","",N93*L93) -> 269.84036 | Q93: =IF(N93="","",VLOOKUP(J93,Raumgruppen_Leistungswerte!$B$5:$F$35,5,FALSE)) -> 0 | R93: =IF(N93="","",L93/Q93*N93) -> #DIV/0! | S93: =IF(K93="NV","",R93*P93) -> #DIV/0! | T93: =IF(K93="NV","",IF(VLOOKUP(M93,'R_Häufigkeit_Faktoren UHR'!$B$4:$I$24,8,FALSE)=0,"",VLOOKUP(M93,'R_Häufigkeit_Faktoren UHR'!$B$4:$I$24,8,FALSE))) | U93: =IF(T93="","",T93*L93) | W93: =IF(T93="","",VLOOKUP(J93,Raumgruppen_Leistungswerte!$B$5:$F$35,5,FALSE)) | X93: =IF(T93="","",L93/W93*T93) | Y93: =IF(T93="","",X93*V93) | Z93: =IF(U93="",O93,O93+U93) -> 269.84036 | AA93: =IF(X93="",R93,X93+R93) -> #DIV/0! | AB93: =IF(Y93="",S93,S93+Y93) -> #DIV/0!
A94: 90 | B94: Telemedizin | C94: 1 | D94: Digitale Allgemeinmedizin | E94: 1 | F94: IZDM+Tm11 | G94: 45.3 | H94: Multifunktionsraum | I94: Teppich/Linoleum | J94: B2 | K94: V | L94: =IF(K94="NV","",G94) -> 45.3 | M94: 5 | N94: =IF(K94="NV","",IF(VLOOKUP(M94,'R_Häufigkeit_Faktoren UHR'!$B$4:$I$24,7,FALSE)=0,"",VLOOKUP(M94,'R_Häufigkeit_Faktoren UHR'!$B$4:$I$24,7,FALSE))) -> 20.917857 | O94: =IF(N94="","",N94*L94) -> 947.57893 | Q94: =IF(N94="","",VLOOKUP(J94,Raumgruppen_Leistungswerte!$B$5:$F$35,5,FALSE)) -> 0 | R94: =IF(N94="","",L94/Q94*N94) -> #DIV/0! | S94: =IF(K94="NV","",R94*P94) -> #DIV/0! | T94: =IF(K94="NV","",IF(VLOOKUP(M94,'R_Häufigkeit_Faktoren UHR'!$B$4:$I$24,8,FALSE)=0,"",VLOOKUP(M94,'R_Häufigkeit_Faktoren UHR'!$B$4:$I$24,8,FALSE))) | U94: =IF(T94="","",T94*L94) | W94: =IF(T94="","",VLOOKUP(J94,Raumgruppen_Leistungswerte!$B$5:$F$35,5,FALSE)) | X94: =IF(T94="","",L94/W94*T94) | Y94: =IF(T94="","",X94*V94) | Z94: =IF(U94="",O94,O94+U94) -> 947.57893 | AA94: =IF(X94="",R94,X94+R94) -> #DIV/0! | AB94: =IF(Y94="",S94,S94+Y94) -> #DIV/0!
A95: 91 | B95: Telemedizin | C95: 1 | D95: Digitale Allgemeinmedizin | E95: 1 | F95: S14 | G95: 3.5 | H95: Dusche | I95: Fliese | J95: E | K95: V | L95: =IF(K95="NV","",G95) -> 3.5 | M95: 5 | N95: =IF(K95="NV","",IF(VLOOKUP(M95,'R_Häufigkeit_Faktoren UHR'!$B$4:$I$24,7,FALSE)=0,"",VLOOKUP(M95,'R_Häufigkeit_Faktoren UHR'!$B$4:$I$24,7,FALSE))) -> 20.917857 | O95: =IF(N95="","",N95*L95) -> 73.2125 | Q95: =IF(N95="","",VLOOKUP(J95,Raumgruppen_Leistungswerte!$B$5:$F$35,5,FALSE)) -> 0 | R95: =IF(N95="","",L95/Q95*N95) -> #DIV/0! | S95: =IF(K95="NV","",R95*P95) -> #DIV/0! | T95: =IF(K95="NV","",IF(VLOOKUP(M95,'R_Häufigkeit_Faktoren UHR'!$B$4:$I$24,8,FALSE)=0,"",VLOOKUP(M95,'R_Häufigkeit_Faktoren UHR'!$B$4:$I$24,8,FALSE))) | U95: =IF(T95="","",T95*L95) | W95: =IF(T95="","",VLOOKUP(J95,Raumgruppen_Leistungswerte!$B$5:$F$35,5,FALSE)) | X95: =IF(T95="","",L95/W95*T95) | Y95: =IF(T95="","",X95*V95) | Z95: =IF(U95="",O95,O95+U95) -> 73.2125 | AA95: =IF(X95="",R95,X95+R95) -> #DIV/0! | AB95: =IF(Y95="",S95,S95+Y95) -> #DIV/0!
A96: 92 | B96: Telemedizin | C96: 1 | D96: Digitale Allgemeinmedizin | E96: 1 | F96: S17 | G96: 1.8 | H96: Pumi | I96: Fliese | J96: I1 | K96: V | L96: =IF(K96="NV","",G96) -> 1.8 | M96: 1 | N96: =IF(K96="NV","",IF(VLOOKUP(M96,'R_Häufigkeit_Faktoren UHR'!$B$4:$I$24,7,FALSE)=0,"",VLOOKUP(M96,'R_Häufigkeit_Faktoren UHR'!$B$4:$I$24,7,FALSE))) -> 4.3452381 | O96: =IF(N96="","",N96*L96) -> 7.8214286 | Q96: =IF(N96="","",VLOOKUP(J96,Raumgruppen_Leistungswerte!$B$5:$F$35,5,FALSE)) -> 0 | R96: =IF(N96="","",L96/Q96*N96) -> #DIV/0! | S96: =IF(K96="NV","",R96*P96) -> #DIV/0! | T96: =IF(K96="NV","",IF(VLOOKUP(M96,'R_Häufigkeit_Faktoren UHR'!$B$4:$I$24,8,FALSE)=0,"",VLOOKUP(M96,'R_Häufigkeit_Faktoren UHR'!$B$4:$I$24,8,FALSE))) | U96: =IF(T96="","",T96*L96) | W96: =IF(T96="","",VLOOKUP(J96,Raumgruppen_Leistungswerte!$B$5:$F$35,5,FALSE)) | X96: =IF(T96="","",L96/W96*T96) | Y96: =IF(T96="","",X96*V96) | Z96: =IF(U96="",O96,O96+U96) -> 7.8214286 | AA96: =IF(X96="",R96,X96+R96) -> #DIV/0! | AB96: =IF(Y96="",S96,S96+Y96) -> #DIV/0!
A97: 93 | B97: Telemedizin | C97: 1 | D97: Digitale Allgemeinmedizin | E97: 1 | F97: IZDM08 | G97: 29.8 | H97: Büro | I97: Teppich | J97: B1 | K97: V | L97: =IF(K97="NV","",G97) -> 29.8 | M97: 1 | N97: =IF(K97="NV","",IF(VLOOKUP(M97,'R_Häufigkeit_Faktoren UHR'!$B$4:$I$24,7,FALSE)=0,"",VLOOKUP(M97,'R_Häufigkeit_Faktoren UHR'!$B$4:$I$24,7,FALSE))) -> 4.3452381 | O97: =IF(N97="","",N97*L97) -> 129.4881 | Q97: =IF(N97="","",VLOOKUP(J97,Raumgruppen_Leistungswerte!$B$5:$F$35,5,FALSE)) -> 0 | R97: =IF(N97="","",L97/Q97*N97) -> #DIV/0! | S97: =IF(K97="NV","",R97*P97) -> #DIV/0! | T97: =IF(K97="NV","",IF(VLOOKUP(M97,'R_Häufigkeit_Faktoren UHR'!$B$4:$I$24,8,FALSE)=0,"",VLOOKUP(M97,'R_Häufigkeit_Faktoren UHR'!$B$4:$I$24,8,FALSE))) | U97: =IF(T97="","",T97*L97) | W97: =IF(T97="","",VLOOKUP(J97,Raumgruppen_Leistungswerte!$B$5:$F$35,5,FALSE)) | X97: =IF(T97="","",L97/W97*T97) | Y97: =IF(T97="","",X97*V97) | Z97: =IF(U97="",O97,O97+U97) -> 129.4881 | AA97: =IF(X97="",R97,X97+R97) -> #DIV/0! | AB97: =IF(Y97="",S97,S97+Y97) -> #DIV/0!
A98: 94 | B98: Telemedizin | C98: 1 | D98: Digitale Allgemeinmedizin | E98: 1 | F98: IZDM09 | G98: 34.1 | H98: Büro | I98: Teppich | J98: B1 | K98: V | L98: =IF(K98="NV","",G98) -> 34.1 | M98: 1 | N98: =IF(K98="NV","",IF(VLOOKUP(M98,'R_Häufigkeit_Faktoren UHR'!$B$4:$I$24,7,FALSE)=0,"",VLOOKUP(M98,'R_Häufigkeit_Faktoren UHR'!$B$4:$I$24,7,FALSE))) -> 4.3452381 | O98: =IF(N98="","",N98*L98) -> 148.17262 | Q98: =IF(N98="","",VLOOKUP(J98,Raumgruppen_Leistungswerte!$B$5:$F$35,5,FALSE)) -> 0 | R98: =IF(N98="","",L98/Q98*N98) -> #DIV/0! | S98: =IF(K98="NV","",R98*P98) -> #DIV/0! | T98: =IF(K98="NV","",IF(VLOOKUP(M98,'R_Häufigkeit_Faktoren UHR'!$B$4:$I$24,8,FALSE)=0,"",VLOOKUP(M98,'R_Häufigkeit_Faktoren UHR'!$B$4:$I$24,8,FALSE))) | U98: =IF(T98="","",T98*L98) | W98: =IF(T98="","",VLOOKUP(J98,Raumgruppen_Leistungswerte!$B$5:$F$35,5,FALSE)) | X98: =IF(T98="","",L98/W98*T98) | Y98: =IF(T98="","",X98*V98) | Z98: =IF(U98="",O98,O98+U98) -> 148.17262 | AA98: =IF(X98="",R98,X98+R98) -> #DIV/0! | AB98: =IF(Y98="",S98,S98+Y98) -> #DIV/0!
A99: 95 | B99: Telemedizin | C99: 1 | D99: Digitale Allgemeinmedizin | E99: 1 | F99: IZDM13 | G99: 18.4 | H99: Büro | I99: Teppich | J99: B1 | K99: V | L99: =IF(K99="NV","",G99) -> 18.4 | M99: 1 | N99: =IF(K99="NV","",IF(VLOOKUP(M99,'R_Häufigkeit_Faktoren UHR'!$B$4:$I$24,7,FALSE)=0,"",VLOOKUP(M99,'R_Häufigkeit_Faktoren UHR'!$B$4:$I$24,7,FALSE))) -> 4.3452381 | O99: =IF(N99="","",N99*L99) -> 79.952381 | Q99: =IF(N99="","",VLOOKUP(J99,Raumgruppen_Leistungswerte!$B$5:$F$35,5,FALSE)) -> 0 | R99: =IF(N99="","",L99/Q99*N99) -> #DIV/0! | S99: =IF(K99="NV","",R99*P99) -> #DIV/0! | T99: =IF(K99="NV","",IF(VLOOKUP(M99,'R_Häufigkeit_Faktoren UHR'!$B$4:$I$24,8,FALSE)=0,"",VLOOKUP(M99,'R_Häufigkeit_Faktoren UHR'!$B$4:$I$24,8,FALSE))) | U99: =IF(T99="","",T99*L99) | W99: =IF(T99="","",VLOOKUP(J99,Raumgruppen_Leistungswerte!$B$5:$F$35,5,FALSE)) | X99: =IF(T99="","",L99/W99*T99) | Y99: =IF(T99="","",X99*V99) | Z99: =IF(U99="",O99,O99+U99) -> 79.952381 | AA99: =IF(X99="",R99,X99+R99) -> #DIV/0! | AB99: =IF(Y99="",S99,S99+Y99) -> #DIV/0!
A100: 96 | B100: Telemedizin | C100: 1 | D100: Digitale Allgemeinmedizin | E100: 1 | F100: IZDM16 | G100: 18.4 | H100: Büro | I100: Teppich | J100: B1 | K100: V | L100: =IF(K100="NV","",G100) -> 18.4 | M100: 1 | N100: =IF(K100="NV","",IF(VLOOKUP(M100,'R_Häufigkeit_Faktoren UHR'!$B$4:$I$24,7,FALSE)=0,"",VLOOKUP(M100,'R_Häufigkeit_Faktoren UHR'!$B$4:$I$24,7,FALSE))) -> 4.3452381 | O100: =IF(N100="","",N100*L100) -> 79.952381 | Q100: =IF(N100="","",VLOOKUP(J100,Raumgruppen_Leistungswerte!$B$5:$F$35,5,FALSE)) -> 0 | R100: =IF(N100="","",L100/Q100*N100) -> #DIV/0! | S100: =IF(K100="NV","",R100*P100) -> #DIV/0! | T100: =IF(K100="NV","",IF(VLOOKUP(M100,'R_Häufigkeit_Faktoren UHR'!$B$4:$I$24,8,FALSE)=0,"",VLOOKUP(M100,'R_Häufigkeit_Faktoren UHR'!$B$4:$I$24,8,FALSE))) | U100: =IF(T100="","",T100*L100) | W100: =IF(T100="","",VLOOKUP(J100,Raumgruppen_Leistungswerte!$B$5:$F$35,5,FALSE)) | X100: =IF(T100="","",L100/W100*T100) | Y100: =IF(T100="","",X100*V100) | Z100: =IF(U100="",O100,O100+U100) -> 79.952381 | AA100: =IF(X100="",R100,X100+R100) -> #DIV/0! | AB100: =IF(Y100="",S100,S100+Y100) -> #DIV/0!
A101: 97 | B101: Telemedizin | C101: 1 | D101: Digitale Allgemeinmedizin | E101: 1 | F101: TM26 | G101: 33.9 | H101: Lounge | I101: Teppich | J101: H1 | K101: V | L101: =IF(K101="NV","",G101) -> 33.9 | M101: 5 | N101: =IF(K101="NV","",IF(VLOOKUP(M101,'R_Häufigkeit_Faktoren UHR'!$B$4:$I$24,7,FALSE)=0,"",VLOOKUP(M101,'R_Häufigkeit_Faktoren UHR'!$B$4:$I$24,7,FALSE))) -> 20.917857 | O101: =IF(N101="","",N101*L101) -> 709.11536 | Q101: =IF(N101="","",VLOOKUP(J101,Raumgruppen_Leistungswerte!$B$5:$F$35,5,FALSE)) -> 0 | R101: =IF(N101="","",L101/Q101*N101) -> #DIV/0! | S101: =IF(K101="NV","",R101*P101) -> #DIV/0! | T101: =IF(K101="NV","",IF(VLOOKUP(M101,'R_Häufigkeit_Faktoren UHR'!$B$4:$I$24,8,FALSE)=0,"",VLOOKUP(M101,'R_Häufigkeit_Faktoren UHR'!$B$4:$I$24,8,FALSE))) | U101: =IF(T101="","",T101*L101) | W101: =IF(T101="","",VLOOKUP(J101,Raumgruppen_Leistungswerte!$B$5:$F$35,5,FALSE)) | X101: =IF(T101="","",L101/W101*T101) | Y101: =IF(T101="","",X101*V101) | Z101: =IF(U101="",O101,O101+U101) -> 709.11536 | AA101: =IF(X101="",R101,X101+R101) -> #DIV/0! | AB101: =IF(Y101="",S101,S101+Y101) -> #DIV/0!
A102: 98 | B102: Telemedizin | C102: 1 | D102: GB-IT | E102: 1 | F102: S16 | G102: 4.7 | H102: Server | I102: Linoleum | J102: J1 | K102: NV | L102: =IF(K102="NV","",G102) | N102: =IF(K102="NV","",IF(VLOOKUP(M102,'R_Häufigkeit_Faktoren UHR'!$B$4:$I$24,7,FALSE)=0,"",VLOOKUP(M102,'R_Häufigkeit_Faktoren UHR'!$B$4:$I$24,7,FALSE))) | O102: =IF(N102="","",N102*L102) | Q102: =IF(N102="","",VLOOKUP(J102,Raumgruppen_Leistungswerte!$B$5:$F$35,5,FALSE)) | R102: =IF(N102="","",L102/Q102*N102) | S102: =IF(K102="NV","",R102*P102) | T102: =IF(K102="NV","",IF(VLOOKUP(M102,'R_Häufigkeit_Faktoren UHR'!$B$4:$I$24,8,FALSE)=0,"",VLOOKUP(M102,'R_Häufigkeit_Faktoren UHR'!$B$4:$I$24,8,FALSE))) | U102: =IF(T102="","",T102*L102) | W102: =IF(T102="","",VLOOKUP(J102,Raumgruppen_Leistungswerte!$B$5:$F$35,5,FALSE)) | X102: =IF(T102="","",L102/W102*T102) | Y102: =IF(T102="","",X102*V102) | Z102: =IF(U102="",O102,O102+U102) | AA102: =IF(X102="",R102,X102+R102) | AB102: =IF(Y102="",S102,S102+Y102)
A103: 99 | B103: Telemedizin | C103: 1 | D103: Digitale Allgemeinmedizin | E103: 1 | F103: IZDM10 | G103: 34.1 | H103: Büro | I103: Teppich | J103: B1 | K103: V | L103: =IF(K103="NV","",G103) -> 34.1 | M103: 1 | N103: =IF(K103="NV","",IF(VLOOKUP(M103,'R_Häufigkeit_Faktoren UHR'!$B$4:$I$24,7,FALSE)=0,"",VLOOKUP(M103,'R_Häufigkeit_Faktoren UHR'!$B$4:$I$24,7,FALSE))) -> 4.3452381 | O103: =IF(N103="","",N103*L103) -> 148.17262 | Q103: =IF(N103="","",VLOOKUP(J103,Raumgruppen_Leistungswerte!$B$5:$F$35,5,FALSE)) -> 0 | R103: =IF(N103="","",L103/Q103*N103) -> #DIV/0! | S103: =IF(K103="NV","",R103*P103) -> #DIV/0! | T103: =IF(K103="NV","",IF(VLOOKUP(M103,'R_Häufigkeit_Faktoren UHR'!$B$4:$I$24,8,FALSE)=0,"",VLOOKUP(M103,'R_Häufigkeit_Faktoren UHR'!$B$4:$I$24,8,FALSE))) | U103: =IF(T103="","",T103*L103) | W103: =IF(T103="","",VLOOKUP(J103,Raumgruppen_Leistungswerte!$B$5:$F$35,5,FALSE)) | X103: =IF(T103="","",L103/W103*T103) | Y103: =IF(T103="","",X103*V103) | Z103: =IF(U103="",O103,O103+U103) -> 148.17262 | AA103: =IF(X103="",R103,X103+R103) -> #DIV/0! | AB103: =IF(Y103="",S103,S103+Y103) -> #DIV/0!
A104: 100 | B104: Telemedizin | C104: 1 | D104: Digitale Allgemeinmedizin | E104: 1 | F104: F02 | G104: 28.9 | H104: Flur | I104: Teppich | J104: F1-2 | K104: V | L104: =IF(K104="NV","",G104) -> 28.9 | M104: 5 | N104: =IF(K104="NV","",IF(VLOOKUP(M104,'R_Häufigkeit_Faktoren UHR'!$B$4:$I$24,7,FALSE)=0,"",VLOOKUP(M104,'R_Häufigkeit_Faktoren UHR'!$B$4:$I$24,7,FALSE))) -> 20.917857 | O104: =IF(N104="","",N104*L104) -> 604.52607 | Q104: =IF(N104="","",VLOOKUP(J104,Raumgruppen_Leistungswerte!$B$5:$F$35,5,FALSE)) -> 0 | R104: =IF(N104="","",L104/Q104*N104) -> #DIV/0! | S104: =IF(K104="NV","",R104*P104) -> #DIV/0! | T104: =IF(K104="NV","",IF(VLOOKUP(M104,'R_Häufigkeit_Faktoren UHR'!$B$4:$I$24,8,FALSE)=0,"",VLOOKUP(M104,'R_Häufigkeit_Faktoren UHR'!$B$4:$I$24,8,FALSE))) | U104: =IF(T104="","",T104*L104) | W104: =IF(T104="","",VLOOKUP(J104,Raumgruppen_Leistungswerte!$B$5:$F$35,5,FALSE)) | X104: =IF(T104="","",L104/W104*T104) | Y104: =IF(T104="","",X104*V104) | Z104: =IF(U104="",O104,O104+U104) -> 604.52607 | AA104: =IF(X104="",R104,X104+R104) -> #DIV/0! | AB104: =IF(Y104="",S104,S104+Y104) -> #DIV/0!
...

Sheet Berechnung SVS
B1: Vom Anbieter auszufüllen!
B3: Kalkulation der Stundenverrechnungssätze 100% sozialversicherunspflichtiges Personal | E3: Innen- und Unterhaltsreinigung lt. Raumbuch
E5: Montag - Samstag | H5: Sonntag / Feiertag
E6: % | F6: EURO | H6: % | I6: EURO
B7: Tariflohn/ Grundlohn (Spalte Sonn-/ Feiertage inkl. aller Zuschläge [u.A. hohe Feiertage]) | E7: 1 | H7: 1
B8: 1 | C8: LOHNGEBUNDENE KOSTEN
C9: 1.1 | D9: Rentenversicherung | F9: =E9*$F$7 -> 0 | I9: =H9*$I$7 -> 0
C10: 1.2 | D10: Krankenversicherung | F10: =E10*$F$7 -> 0 | I10: =H10*$I$7 -> 0
C11: 1.3 | D11: Arbeitslosenversicherung | F11: =E11*$F$7 -> 0 | I11: =H11*$I$7 -> 0
C12: 1.4 | D12: Pflegeversicherung | F12: =E12*$F$7 -> 0 | I12: =H12*$I$7 -> 0
C13: 1.5 | D13: Gesetzliche Unfallversicherung | F13: =E13*$F$7 -> 0 | I13: =H13*$I$7 -> 0
C14: 1.6 | D14: Sonstige lohngebundene Kosten | F14: =E14*$F$7 -> 0 | I14: =H14*$I$7 -> 0
B15: SUMME Position 1 | E15: =SUM(E9:E14) -> 0 | F15: =SUM(F9:F14) -> 0 | H15: =SUM(H9:H14) -> 0 | I15: =SUM(I9:I14) -> 0
B16: 2 | C16: LOHNFOLGEKOSTEN
C17: 2.1 | D17: Urlaubsentgelt | F17: =E17*$F$7 -> 0 | I17: =H17*$I$7 -> 0
C18: 2.2 | D18: Sozialversicherung auf Urlaubsentgelt | F18: =E18*$F$7 -> 0 | I18: =H18*$I$7 -> 0
C19: 2.3 | D19: zusätzliches Urlaubsgeld | F19: =E19*$F$7 -> 0 | I19: =H19*$I$7 -> 0
C20: 2.4 | D20: Sozialversicherung auf zusätzliches Urlaubsentgelt | F20: =E20*$F$7 -> 0 | I20: =H20*$I$7 -> 0
C21: 2.5 | D21: Gesetzliche Feiertage | F21: =E21*$F$7 -> 0 | I21: =H21*$I$7 -> 0
C22: 2.6 | D22: Sozialversicherung auf Feiertage | F22: =E22*$F$7 -> 0 | I22: =H22*$I$7 -> 0
C23: 2.7 | D23: Gesetzliche Lohnfortzahlung im Krankheitsfall | F23: =E23*$F$7 -> 0 | I23: =H23*$I$7 -> 0
C24: 2.8 | D24: Sozialversicherung auf Lohnfortzahlung | F24: =E24*$F$7 -> 0 | I24: =H24*$I$7 -> 0
C25: 2.9 | D25: Tarifliche Ausfallzeiten | F25: =E25*$F$7 -> 0 | I25: =H25*$I$7 -> 0
C26: 2.10 | D26: Sozialversicherung auf tarifl. Ausfallzeiten | F26: =E26*$F$7 -> 0 | I26: =H26*$I$7 -> 0
C27: 2.11 | D27: Jahressondervergütungen | F27: =E27*$F$7 -> 0 | I27: =H27*$I$7 -> 0
C28: 2.12 | D28: Sozialversicherung auf Jahressondervergütungen | F28: =E28*$F$7 -> 0 | I28: =H28*$I$7 -> 0
... C31: 2.15 | D31: Sonstige Kosten | F31: =E31*$F$7 -> 0 | I31: =H31*$I$7 -> 0
B32: Summe Position 2 | E32: =SUM(E17:E31) -> 0 | F32: =SUM(F17:F31) -> 0 | H32: =SUM(H17:H31) -> 0 | I32: =SUM(I17:I31) -> 0
B33: 3 | C33: LOHNNEBENKOSTEN
C34: 3.1 | D34: Beiträge zu Berufsorganisationen | F34: =E34*$F$7 -> 0 | I34: =H34*$I$7 -> 0
C35: 3.2 | D35: Schwerbehindertenabgabe | F35: =E35*$F$7 -> 0 | I35: =H35*$I$7 -> 0
B36: SUMME Position 3 | E36: =SUM(E34:E35) -> 0 | F36: =SUM(F34:F35) -> 0 | H36: =SUM(H34:H35) -> 0 | I36: =SUM(I34:I35) -> 0
B37: SUMME Lohn- und Lohngebundene Kosten | E37: =E36+E32+E15 -> 0 | F37: =F36+F32+F15+F7 -> 0 | H37: =H36+H32+H15 -> 0 | I37: =I36+I32+I15+I7 -> 0
B39: 4 | C39: SONSTIGE AUFTRAGSBEZOGENE KOSTEN
C40: 4.1 | D40: Betriebshaftpflicht | F40: =E40*$F$7 -> 0 | I40: =H40*$I$7 -> 0
C41: 4.2 | D41: Sonstige Personalkosten (Overhead) | F41: =E41*$F$7 -> 0 | I41: =H41*$I$7 -> 0
C42: 4.3 | D42: Reinigungsmittel und Kleinmaterial | F42: =E42*$F$7 -> 0 | I42: =H42*$I$7 -> 0
C43: 4.4 | D43: Maschinen- und Gerätekosten (inkl. AfA) | F43: =E43*$F$7 -> 0 | I43: =H43*$I$7 -> 0
C44: 4.5 | D44: Verwaltungskosten (Miete, Telefon usw.) | F44: =E44*$F$7 -> 0 | I44: =H44*$I$7 -> 0
C45: 4.6 | D45: Kosten für Moppwäsche | F45: =E45*$F$7 -> 0 | I45: =H45*$I$7 -> 0
C46: 4.7 | D46: Einarbeitung / Schulung | F46: =E46*$F$7 -> 0 | I46: =H46*$I$7 -> 0
C47: 4.8 | D47: Arbeitskleidung | F47: =E47*$F$7 -> 0 | I47: =H47*$I$7 -> 0
C48: 4.9 | D48: Sonstige Auftragsbezogene Kosten | F48: =E48*$F$7 -> 0 | I48: =H48*$I$7 -> 0
B49: SUMME Position 4 | E49: =SUM(E40:E48) -> 0 | F49: =SUM(F40:F48) -> 0 | H49: =SUM(H40:H48) -> 0 | I49: =SUM(I40:I48) -> 0
B50: 5 | C50: UNTERNEHMENSBEZOGENE KOSTEN
C51: 5.1 | D51: Gewerbesteuer | F51: =E51*$F$7 -> 0 | I51: =H51*$I$7 -> 0
C52: 5.2 | D52: Sonstige Betriebskosten | F52: =E52*$F$7 -> 0 | I52: =H52*$I$7 -> 0
C53: 5.3 | D53: Verwaltungskosten | F53: =E53*$F$7 -> 0 | I53: =H53*$I$7 -> 0
B54: SUMME Position 5 | E54: =SUM(E51:E53) -> 0 | F54: =SUM(F51:F53) -> 0 | H54: =SUM(H51:H53) -> 0 | I54: =SUM(I51:I53) -> 0
B55: SELBSTKOSTEN (Summe 1 - 5) | E55: =E54+E49+E36+E32+E15+E7 -> 1 | F55: =F54+F49+F36+F32+F15+F7 -> 0 | H55: =H54+H49+H36+H32+H15+H7 -> 1 | I55: =I54+I49+I36+I32+I15+I7 -> 0
B56: 6 | C56: RISIKO-/GEWINNAUFSCHLAG AUF DIE SELBSTKOSTEN | F56: =E56*F55 -> 0 | I56: =H56*I55 -> 0
B58: Stundenverrechnungssatz | F58: =F55+F56 -> 0 | I58: =I55+I56 -> 0
B59: Lohnkostenanteil am Preis in % | E59: =IF(F58=0,"",F37/F58) | H59: =IF(I58=0,"",I37/I58)
B60: Sonn- und Feiertagszuschlag | H60: =IF(I58=0,"",F58/I58) | I60: =I58-F58 -> 0
D61: =Deckblatt!$B$20 -> 0
D63: Angebotsdatum

Sheet R_Häufigkeit_Faktoren UHR
B2: Turnus | H2: Reinigungshäufigkeit / Monatsfaktor | I2: Reinigungshäufigkeit / Monatsfaktor
D3: Kalendertage | E3: Wochen | F3: Feiertage | H3: Montag - Samstag | I3: Sonntag / Feiertag
B4: 1 | C4: einmal wöchentlich (werktags) | D4: 365 | E4: 52.142857 | F4: 9.7 | G4: =E4 -> 52.142857 | H4: =G4/12 -> 4.3452381
B5: 2 | C5: zweimal wöchentlich (werktags) | D5: 365 | E5: 52.142857 | F5: 9.7 | G5: =E5*2 -> 104.28571 | H5: =G5/12 -> 8.6904762
B6: 2* | C6: zweimal wöchentlich (Samstag / Sonntag) | E6: 52.142857 | F6: 9.7 | G6: =2*52 -> 104 | H6: =4.33 -> 4.33 | I6: 4.33
B7: 3 | C7: dreimal wöchentlich (werktags) | D7: 365 | E7: 52.142857 | F7: 9.7 | G7: =E7*3 -> 156.42857 | H7: =G7/12 -> 13.035714
B8: 5* | C8: fünfmal wöchentlich reinigen (entfällt an Samstagen, Sonn- und Feiertagen) | D8: 365 | E8: 52.142857 | F8: 9.7 | G8: =E8*3 -> 156.42857 | H8: =G8/12 -> 13.035714
B9: 3* | C9: dreimal wöchentlich (2 x Samstag, 1 x Sonntag) | D9: 365 | E9: 52.142857 | F9: 9.7 | G9: =E9*3 -> 156.42857 | H9: =G9/12 -> 13.035714 | I9: 4.33
B10: 4 | C10: viermal wöchentlich werktags) | D10: 365 | E10: 52.142857 | F10: 9.7 | G10: =E10*B10-(F10*(B10/B11)) -> 200.81143 | H10: =G10/12 -> 16.734286
B11: 5 | C11: fünfmal wöchentlich (werktags) | D11: 365 | E11: 52.142857 | F11: 9.7 | G11: =E11*B11-F11 -> 251.01429 | H11: =G11/12 -> 20.917857
B12: 5* | C12: fünfmal wöchentlich reinigen (Feiertage sind nachzuholen) | D12: 365 | E12: 52.142857 | F12: 9.7 | G12: =E12*5 -> 260.71429 | H12: =G12/12 -> 21.72619
B13: 5.5 | C13: fünfmal wöchentlich reinigen, zusätzlich einmal Sichtreinigung (Feiertage sind nachzuholen) | D13: 365 | E13: 52.142857 | F13: 9.7 | G13: =365-52 -> 313 | H13: =G13/12 -> 26.083333
B14: 6 | C14: sechsmal wöchentlich reinigen (entfällt an Sonn- und Feiertagen) | D14: 365 | E14: 52.142857 | F14: 9.7 | G14: =D14-E14-F14 -> 303.15714 | H14: =G14/12 -> 25.263095
B15: 6* | C15: sechsmal wöchentlich reinigen (inkl. Wochenfeiertage) | D15: 365 | E15: 52.142857 | F15: 9.7 | G15: =D15-E15-F15 -> 303.15714 | H15: =G15/12 -> 25.263095 | I15: =F15/12 -> 0.80833333
B16: 7 | C16: siebenmal wöchentlich | D16: 365 | E16: 52.142857 | F16: 9.7 | G16: 365 | H16: =G16/12 -> 30.416667 | I16: =52/12 -> 4.3333333
B17: 10 | C17: zweimal täglich reinigen (entfällt an Samstagen, Sonn- und Feiertagen) | D17: 365 | E17: 52.142857 | F17: 9.7 | G17: =(D17-2*E17-F17)*2 -> 502.02857 | H17: =G17/12 -> 41.835714
B18: 12 | C18: zweimal täglich reinigen (entfällt an Sonn- und Feiertagen) | D18: 365 | E18: 52.142857 | F18: 9.7 | G18: =(D18-E18-F18)*2 -> 606.31429 | H18: =G18/12 -> 50.52619
B19: 13 | C19: zweimal täglich reinigen (Sonntag zweimal Sichtreinigung) | D19: 365 | E19: 52.142857 | F19: 9.7 | G19: =G15*2 -> 606.31429 | H19: =G19/12 -> 50.52619 | I19: =2*52/12/2 -> 4.3333333
B20: M1 | C20: einmal monatlich reinigen (werktags) | D20: 365 | E20: 52.142857 | F20: 9.7 | G20: 12 | H20: =G20/12 -> 1
B21: Q1 | C21: einmal im Quartal reinigen (werktags) | D21: 365 | E21: 52.142857 | F21: 9.7 | G21: 24 | H21: 4
B22: J1 | C22: einmal jährlich reinigen (werktags) | D22: 365 | E22: 52.142857 | F22: 9.7 | G22: 1 | H22: =G22/12 -> 0.083333333
B23: J2 | C23: zweimal jährlich reinigen (werktags) | D23: 365 | E23: 52.142857 | F23: 9.7 | G23: 2 | H23: =G23/12 -> 0.16666667
B24: NB | C24: Nach Bedarf und auf gesonderte Anforderung | D24: 365 | E24: 52.142857 | F24: 9.7 | G24: 2 | H24: =H4 -> 4.3452381

Sheet Raumgruppen_Leistungswerte
B3: Raumgruppe (gem. DIN 13063:2021-09) | D3: Leistungswertspanne | F3: Eingabe Leistungswert des Bieters | G3: variabler Leistungswert m²/h
D4: Min m²/h | E4: Max m²/h | G4: 1 | H4: 2 | I4: 3 | J4: 3.5 | K4: 4 | L4: 5 | M4: 6 | N4: 6.5 | O4: 7 | P4: 10 | Q4: 12 | R4: M2 | S4: M1 | T4: J2 | U4: J1
B5: A1 | C5: Patientenzimmer mit möglichem Infektionsrisiko | D5: 180 | E5: 200 | F5: 200
B6: A2 | C6: Patientenzimmer mit besonderem Infektionsrisiko (Intensiv) | D6: 150 | E6: 180 | F6: 180
B7: A3 | C7: Isolierbereiche | D7: 150 | E7: 180 | F7: 180
B8: B1 | C8: Büroräume (geringe Frequentierung) | D8: 200 | E8: 230
B9: B2 | C9: Büroräume (hohe Frequentierung) | D9: 180 | E9: 210
B10: B3 | C10: Unterrichts- und Schulungsräume | D10: 120 | E10: 160
B11: C | C11: OP-Bereiche (sämtliche Räume hinter den Schleusen) | D11: 25 | E11: 60
B12: D1-1 | C12: Untersuchungs- und Behandlungsräume mit möglichem Infektionsrisiko (z.B. Ambulanzen, Pflegestützpunkte, Entbindung, Radiologie, Dialyse) | D12: 160 | E12: 180
B13: D1-2 | C13: Physikalische Therapie (Bereiche mit möglichem Infektionsrisiko) | D13: 150 | E13: 180
B14: D2 | C14: Untersuchungs- und Behandlungsräume mit besonderem Infektionsrisiko (Eingriffsräume, Endoskopie u.ä.) | D14: 150 | E14: 170
B15: D3 | C15: Aufbereitungseinheit für Medizinprodukte (z.B. AEMP, ZSVA) | D15: 150 | E15: 180
B16: D4-1 | C16: Ver- und Entsorgung— reine Arbeitsräume | D16: 150 | E16: 180
B17: D4-2 | C17: Ver- und Entsorgung— unreine Arbeitsräume | D17: 160 | E17: 190
B18: D5 | C18: Bereiche, in denen vor allem für das Personal ein Infektionsrisiko besteht (Laboratorien, Pathologie) | D18: 160 | E18: 180
B19: E | C19: Sanitärräume (Toilette, Dusche, Bad, Wickelraum) | D19: 50 | E19: 70
... B35: K | C35: Außenbereiche— Gebäudenahe Zugangs- und Aufenthaltsflächen sowie Balkone, Loggien, Dachterrassen | D35: 350 | E35: 400
C37: =Deckblatt!$B$20 -> 0
C39: Datum
